-- phpMyAdmin SQL Dump
-- version 4.9.0.1
-- https://www.phpmyadmin.net/
--
-- Host: sql103.epizy.com
-- Waktu pembuatan: 25 Bulan Mei 2022 pada 13.01
-- Versi server: 10.3.27-MariaDB
-- Versi PHP: 7.2.22

SET SQL_MODE = "NO_AUTO_VALUE_ON_ZERO";
SET AUTOCOMMIT = 0;
START TRANSACTION;
SET time_zone = "+00:00";


/*!40101 SET @OLD_CHARACTER_SET_CLIENT=@@CHARACTER_SET_CLIENT */;
/*!40101 SET @OLD_CHARACTER_SET_RESULTS=@@CHARACTER_SET_RESULTS */;
/*!40101 SET @OLD_COLLATION_CONNECTION=@@COLLATION_CONNECTION */;
/*!40101 SET NAMES utf8mb4 */;

--
-- Database: `epiz_30817588_db_jurusansma`
--

-- --------------------------------------------------------

--
-- Struktur dari tabel `admin`
--

CREATE TABLE `admin` (
  `Id_Admin` int(11) NOT NULL,
  `Nama` varchar(50) NOT NULL,
  `Jabatan` varchar(30) NOT NULL,
  `Username` varchar(15) NOT NULL,
  `Password` varchar(15) NOT NULL
) ENGINE=InnoDB DEFAULT CHARSET=latin1;

--
-- Dumping data untuk tabel `admin`
--

INSERT INTO `admin` (`Id_Admin`, `Nama`, `Jabatan`, `Username`, `Password`) VALUES
(1, 'Dama Putra Sarpanda', 'Admin', 'admin', '1234'),
(2, 'ADMINSMAIDAMAN', 'Admin', 'SMAIDAMAN', '1234');

-- --------------------------------------------------------

--
-- Struktur dari tabel `jadwal`
--

CREATE TABLE `jadwal` (
  `id_tes` int(11) NOT NULL,
  `jenis_tes` varchar(100) NOT NULL,
  `jadwal` varchar(100) NOT NULL
) ENGINE=InnoDB DEFAULT CHARSET=latin1;

--
-- Dumping data untuk tabel `jadwal`
--

INSERT INTO `jadwal` (`id_tes`, `jenis_tes`, `jadwal`) VALUES
(1, 'Psikotes', '-'),
(3, 'Tes Peminatan', '-'),
(4, 'Tes Akhir', '-');

-- --------------------------------------------------------

--
-- Struktur dari tabel `jurusan`
--

CREATE TABLE `jurusan` (
  `Id_Jurusan` int(11) NOT NULL,
  `Nama_Jurusan` varchar(50) NOT NULL,
  `Kuota` int(11) NOT NULL,
  `L` int(11) NOT NULL,
  `P` int(11) NOT NULL
) ENGINE=InnoDB DEFAULT CHARSET=latin1;

--
-- Dumping data untuk tabel `jurusan`
--

INSERT INTO `jurusan` (`Id_Jurusan`, `Nama_Jurusan`, `Kuota`, `L`, `P`) VALUES
(1, 'IPA', 15, 10, 5),
(2, 'IPS', 50, 20, 30);

-- --------------------------------------------------------

--
-- Struktur dari tabel `kelamin`
--

CREATE TABLE `kelamin` (
  `id_jk` int(11) NOT NULL,
  `P` int(11) NOT NULL,
  `L` int(11) NOT NULL
) ENGINE=InnoDB DEFAULT CHARSET=latin1;

--
-- Dumping data untuk tabel `kelamin`
--

INSERT INTO `kelamin` (`id_jk`, `P`, `L`) VALUES
(1, 3, 1),
(2, 3, 1);

-- --------------------------------------------------------

--
-- Struktur dari tabel `kriteria`
--

CREATE TABLE `kriteria` (
  `Id_Kriteria` int(11) NOT NULL,
  `Nama_Kriteria` varchar(100) NOT NULL,
  `Bobot` double NOT NULL,
  `Keterangan` varchar(10) NOT NULL
) ENGINE=InnoDB DEFAULT CHARSET=latin1;

--
-- Dumping data untuk tabel `kriteria`
--

INSERT INTO `kriteria` (`Id_Kriteria`, `Nama_Kriteria`, `Bobot`, `Keterangan`) VALUES
(1, 'Rata Mapel Umum (MTK, B.Inggris, B.Indonesia, Agama)', 0.15, 'Benefit'),
(2, 'Rata IPA', 0.25, 'Benefit'),
(3, 'Rata IPS', 0.05, 'Benefit'),
(4, 'Psikotes', 0.2, 'Benefit'),
(5, 'Minat IPS', 0.05, 'Benefit'),
(6, 'Minat IPA', 0.3, 'Benefit');

-- --------------------------------------------------------

--
-- Struktur dari tabel `kriteria2`
--

CREATE TABLE `kriteria2` (
  `Id_Kriteria` int(11) NOT NULL,
  `Nama_Kriteria` varchar(100) NOT NULL,
  `Bobot` double NOT NULL,
  `Keterangan` varchar(10) NOT NULL
) ENGINE=InnoDB DEFAULT CHARSET=latin1;

--
-- Dumping data untuk tabel `kriteria2`
--

INSERT INTO `kriteria2` (`Id_Kriteria`, `Nama_Kriteria`, `Bobot`, `Keterangan`) VALUES
(1, 'Rata Mapel Umum (MTK, B.Inggris, B.Indonesia, Agama)', 0.15, 'Benefit'),
(2, 'Rata IPA', 0.05, 'Benefit'),
(3, 'Rata IPS', 0.25, 'Benefit'),
(4, 'Psikotes', 0.2, 'Benefit'),
(5, 'Minat IPS', 0.3, 'Benefit'),
(6, 'Minat IPA', 0.05, 'Benefit');

-- --------------------------------------------------------

--
-- Struktur dari tabel `nilai`
--

CREATE TABLE `nilai` (
  `Id_Nilai` int(11) NOT NULL,
  `No_Pendaftaran` varchar(20) NOT NULL,
  `C1` double NOT NULL,
  `C2` double NOT NULL,
  `C3` double NOT NULL,
  `C4` double NOT NULL,
  `C5` tinyint(11) NOT NULL,
  `C6` tinyint(11) NOT NULL
) ENGINE=InnoDB DEFAULT CHARSET=latin1;

--
-- Dumping data untuk tabel `nilai`
--

INSERT INTO `nilai` (`Id_Nilai`, `No_Pendaftaran`, `C1`, `C2`, `C3`, `C4`, `C5`, `C6`) VALUES
(11494, 'MD-0001-SK-II', 77.85, 76, 76, 79.29, 72, 28),
(11495, 'MD-0002-SK-II', 79.53, 74.375, 74.958, 79.6, 48, 52),
(11496, 'MD-0003-SK-II', 78.73, 74, 76.5, 74.95, 40, 60),
(11497, 'MD-0004-SK-II', 81.7, 70.705, 78.75, 73.75, 56, 44),
(11498, 'MD-0005-SK-II', 70, 70, 67.5, 73.75, 57, 43),
(11499, 'MD-0006-SK-II', 79, 76, 80, 79.25, 39, 61),
(11500, 'MD-0007-SK-II', 78.48, 72.5, 76.5, 78.2, 41, 59),
(11501, 'MD-0008-SK-II', 72.5, 72.215, 73.215, 79.2, 50, 50),
(11502, 'MD-0009-SK-II', 80.6, 76.625, 78.625, 79.4, 46, 54),
(11503, 'MD-0010-SK-II', 81.19, 75.0415, 77.333, 79.4, 41, 59),
(11504, 'MD-0011-SK-II', 79, 80.28, 79, 79.75, 59, 41),
(11505, 'MD-0012-SK-II', 81, 74.75, 76, 82.4, 38, 62),
(11506, 'MD-0013-SK-II', 87, 81.5, 83.75, 80.55, 48, 52),
(11507, 'MD-0014-SK-II', 83.7, 82.5, 78.4, 79.6, 50, 50),
(11508, 'MD-0015-SK-II', 82.06, 79.5, 81.25, 74.8, 53, 47),
(11509, 'MD-0016-SK-II', 80.13, 80.705, 80.625, 78, 57, 43),
(11510, 'MD-0017-SK-II', 72, 75, 76, 82.25, 47, 53),
(11511, 'MD-0018-SK-II', 79.05, 75, 78.5, 79.2, 67, 33),
(11512, 'MD-0019-SK-II', 75, 72, 74, 81.2, 43, 57),
(11513, 'MD-0020-SK-II', 78.8, 70.7, 71.125, 78.65, 47, 53),
(11514, 'MD-0021-SK-II', 82.45, 76.165, 78.455, 78.5, 56, 44),
(11515, 'MD-0022-SK-II', 79.1, 74.75, 76.5, 77.83, 50, 50),
(11516, 'MD-0023-SK-II', 80.05, 75.585, 82.25, 79.25, 29, 71),
(11517, 'MD-0024-SK-II', 82.56, 75.04, 77.375, 78.55, 48, 52),
(11518, 'MD-0025-SK-II', 80.78, 77.625, 81.415, 76.15, 69, 31),
(11519, 'MD-0026-SK-II', 78.73, 78, 77, 76.9, 61, 39),
(11520, 'MD-0027-SK-II', 79, 79.375, 79.5415, 78.9, 58, 42),
(11521, 'MD-0028-SK-II', 80.06, 78, 80.5, 78.95, 50, 50),
(11522, 'MD-0029-SK-II', 80.08, 75.79, 78.205, 80.2, 53, 47),
(11523, 'MD-0030-SK-II', 78, 71.75, 80.05, 80.5, 56, 44),
(11524, 'MD-0031-SK-II', 80.06, 75.53, 77.53, 74.3, 61, 39),
(11525, 'MD-0032-SK-II', 79.73, 74.83, 79.125, 74.3, 45, 55),
(11526, 'MD-0033-SK-II', 80.26, 78, 80.5, 75.3, 60, 40),
(11527, 'MD-0034-SK-II', 73.73, 78, 78.5, 73.85, 57, 43),
(11528, 'MD-0035-SK-II', 80.3, 77.65, 82.55, 73.5, 50, 50),
(11529, 'MD-0036-SK-II', 73.45, 73.715, 73.77, 74.5, 50, 50),
(11530, 'MD-0037-SK-II', 79.06, 79, 79, 74.95, 50, 50),
(11531, 'MD-0038-SK-II', 79.43, 76.925, 77.07, 77.25, 50, 50),
(11532, 'MD-0039-SK-II', 78, 77, 72, 76.85, 50, 50),
(11533, 'MD-0040-SK-II', 81.73, 80.665, 81.205, 73.25, 42, 58),
(11534, 'MD-0041-SK-II', 70, 74.775, 77.61, 74, 50, 50),
(11535, 'MD-0042-SK-II', 88, 75, 76.5, 78.2, 54, 46),
(11536, 'MD-0043-SK-II', 80, 79.4, 79.95, 73.75, 56, 44),
(11537, 'MD-0044-SK-II', 70.44, 74.05, 72.5, 75.55, 63, 37),
(11538, 'MD-0045-SK-II', 72.67, 74.4, 73.55, 75.95, 50, 50),
(11539, 'MD-0046-SK-II', 71, 71.65, 71.78, 74.25, 50, 50),
(11540, 'MD-0047-SK-II', 78.89, 74.708, 75.7915, 73.45, 50, 50),
(11541, 'MD-0048-SK-II', 72.34, 73.105, 73.63, 73.8, 50, 50),
(11542, 'MD-0049-SK-II', 74.35, 74.84, 76.25, 75.8, 50, 50),
(11543, 'MD-0050-SK-II', 80.3, 80.45833, 82.875, 76.4, 49, 51),
(11544, 'MD-0051-SK-II', 60, 60, 75, 78.45, 50, 50),
(11545, 'MD-0052-SK-II', 78.4, 78.28, 78.95, 73.85, 50, 50),
(11546, 'MD-0053-SK-II', 80.8, 79.375, 80.541665, 73.55, 48, 52),
(11547, 'MD-0054-SK-II', 80.6, 78.29, 80.04, 76.3, 50, 50),
(11548, 'MD-0055-SK-II', 80.5, 78.785, 80.85, 75.55, 50, 50),
(11549, 'MD-0056-SK-II', 80, 81.333, 76.2915, 76.6, 50, 50),
(11550, 'MD-0057-SK-II', 80, 69, 75.5, 73.65, 50, 50),
(11551, 'MD-0058-SK-II', 82.33, 78.333, 81.708, 73.5, 41, 59),
(11552, 'MD-0059-SK-II', 80.64, 75.625, 76.08, 74.15, 50, 50),
(11553, 'MD-0060-SK-II', 81.45, 69, 69, 75.4, 54, 46),
(11554, 'MD-0061-SK-II', 81.73, 78.333, 81.333, 75.7, 43, 57),
(11555, 'MD-0062-SK-II', 80, 79.75, 81.65, 73.2, 50, 50),
(11556, 'MD-0063-SK-II', 82, 75, 79.5, 76.6, 52, 48),
(11557, 'MD-0064-SK-II', 80.6, 79.415, 80.54, 74.85, 44, 56),
(11558, 'MD-0065-SK-II', 74.03, 73.78, 74.835, 77.35, 50, 50),
(11559, 'MD-0066-SK-II', 79.53, 75, 76, 72.85, 50, 50),
(11560, 'MD-0067-SK-II', 77.5, 77.225, 77.17, 77.35, 50, 50),
(11561, 'MD-0068-SK-II', 74.78, 76.445, 77.505, 74.75, 50, 50),
(11562, 'MD-0069-SK-II', 80.42, 76.5, 76.5415, 73.75, 50, 50),
(11563, 'MD-0070-SK-II', 79.06, 78, 75.25, 73.95, 47, 53),
(11564, 'MD-0071-SK-II', 79, 73.5, 76, 73, 64, 36),
(11565, 'MD-0072-SK-II', 81.09, 80, 81.5, 79.35, 48, 52),
(11566, 'MD-0073-SK-II', 80, 78, 77.5, 73, 50, 50),
(11567, 'MD-0074-SK-II', 72.79, 77.208, 75.5835, 72.5, 56, 44),
(11568, 'MD-0075-SK-II', 74.56, 74.78, 75.835, 75.45, 55, 45),
(11569, 'MD-0076-SK-II', 80.73, 83.5, 79, 73.5, 44, 56),
(11570, 'MD-0077-SK-II', 79.7, 75.5, 81, 78.25, 44, 56),
(11571, 'MD-0078-SK-II', 80.79, 73.0415, 74.25, 75.95, 48, 52),
(11572, 'MD-0079-SK-II', 75, 78, 76, 73.3, 46, 54),
(11573, 'MD-0080-SK-II', 74.8, 78, 71, 77.1, 62, 38),
(11574, 'MD-0081-SK-II', 76.98, 71.33, 76.795, 76.55, 50, 50),
(11575, 'MD-0082-SK-II', 79.57, 74, 78.5, 72.45, 38, 62),
(11576, 'MD-0083-SK-II', 79, 76, 77, 73.3, 55, 45),
(11577, 'MD-0084-SK-II', 78, 75.5, 76.2915, 73.8, 41, 59),
(11578, 'MD-0085-SK-II', 79, 74, 76.5, 73, 59, 41),
(11579, 'MD-0086-SK-II', 79, 74, 79, 74.55, 55, 45),
(11580, 'MD-0087-SK-II', 78.6, 74.15, 74.15, 75.05, 55, 45),
(11581, 'MD-0088-SK-II', 76.4, 74.54, 75.505, 75.3, 65, 35),
(11582, 'MD-0089-SK-II', 81, 73, 75, 75.6, 41, 59),
(11583, 'MD-0090-SK-II', 80.13, 78, 78.75, 76.95, 52, 48),
(11584, 'MD-0091-SK-II', 78.73, 73.5, 77, 77.15, 52, 48),
(11585, 'MD-0092-SK-II', 80.01, 75.08, 76.5, 72.95, 38, 62),
(11586, 'MD-0093-SK-II', 81.63, 69, 69.5, 73.05, 42, 58),
(11587, 'MD-0094-SK-II', 70, 73, 75.5, 74.85, 46, 54),
(11588, 'MD-0095-SK-II', 79, 75, 75, 76.1, 60, 40),
(11589, 'MD-0096-SK-II', 82.73, 80.708, 83.0835, 79.85, 44, 56),
(11590, 'MD-0097-SK-II', 80.16, 75.525, 78.4, 73.5, 52, 48),
(11591, 'MD-0098-SK-II', 86.87, 84, 84.5, 75.6, 64, 36),
(11592, 'MD-0099-SK-II', 76.93, 84, 85, 77.9, 56, 44),
(11593, 'MD-0100-SK-II', 80, 79, 79.5, 74.1, 72, 28),
(11594, 'MD-0101-SK-II', 81, 76, 80.5, 73.35, 39, 61),
(11595, 'MD-0102-SK-II', 79.55, 78, 79, 79.1, 71, 29),
(11596, 'MD-0103-SK-II', 80, 78.5, 78, 73.45, 48, 52),
(11597, 'MD-0104-SK-II', 81.27, 78.33, 76.29, 74, 31, 69),
(11598, 'MD-0105-SK-II', 76.05, 76.31, 76.605, 74.15, 50, 50),
(11599, 'MD-0106-SK-II', 77, 75.2, 74.85, 81.3, 50, 50),
(11600, 'MD-0107-SK-II', 81.75, 75.833, 76.1665, 73.25, 50, 50),
(11601, 'MD-0108-SK-II', 75.2, 74.1115, 75.505, 76.06, 55, 45),
(11602, 'MD-0109-SK-II', 88, 74.5, 75, 74.7, 48, 52),
(11603, 'MD-0110-SK-II', 79.45, 76.33, 79.79, 74.15, 61, 39),
(11604, 'MD-0111-SK-II', 78.15, 73.79, 75.5, 74.6, 59, 41),
(11605, 'MD-0112-SK-II', 79.38, 74.5, 76.75, 76, 78, 22),
(11606, 'MD-0113-SK-II', 83.36, 76.125, 78.208, 73.3, 59, 41),
(11607, 'MD-0114-SK-II', 76.46, 78.915, 80.5, 74.1, 52, 48),
(11608, 'MD-0115-SK-II', 75.02, 75.75, 75.515, 76.25, 50, 50),
(11609, 'MD-0116-SK-II', 81, 76, 77.958, 75.4, 50, 50),
(11610, 'MD-0117-SK-II', 80.13, 78.25, 80.875, 74.3, 35, 65),
(11611, 'MD-0118-SK-II', 78.02, 75.335, 76.005, 74.45, 50, 50),
(11612, 'MD-0119-SK-II', 74.8, 77.35, 78.75, 74.05, 50, 50),
(11613, 'MD-0120-SK-II', 78.86, 78.5, 72.1665, 73, 33, 67),
(11614, 'MD-0121-SK-II', 71, 72.01, 72.52, 73.75, 50, 50),
(11615, 'MD-0122-SK-II', 72.3, 71.225, 72.17, 76.1, 52, 48),
(11616, 'MD-0123-SK-II', 82.35, 75.9165, 79, 73, 57, 43),
(11617, 'MD-0124-SK-II', 82, 81.3, 82.375, 78.6, 50, 50),
(11618, 'MD-0125-SK-II', 86, 80, 80, 73.65, 47, 53),
(11619, 'MD-0126-SK-II', 78.42, 76.5, 77, 74.15, 63, 38),
(11620, 'MD-0127-SK-II', 77.93, 77.7083333333, 77.7083333333, 73.95, 50, 50),
(11621, 'MD-0128-SK-II', 79.26, 75.958, 77.75, 75.1, 52, 48),
(11622, 'MD-0129-SK-II', 83.92, 75.75, 80.1665, 75.7, 52, 48),
(11623, 'MD-0130-SK-II', 82.88, 74.875, 78.708, 74.85, 47, 53),
(11624, 'MD-0131-SK-II', 79, 73.5, 74.5, 81.05, 35, 65),
(11625, 'MD-0132-SK-II', 82.6, 79.415, 81.2075, 73.8, 43, 57),
(11626, 'MD-0133-SK-II', 75, 83.5, 84, 72.55, 58, 42),
(11627, 'MD-0134-SK-II', 82.66, 80.915, 82.165, 75.45, 50, 50),
(11628, 'MD-0135-SK-II', 79.69, 76, 76.915, 76.35, 72, 28),
(11629, 'MD-0136-SK-II', 75.67, 76.93, 77.78, 73.8, 45, 55),
(11630, 'MD-0137-SK-II', 78, 77.833, 77.75, 73.4, 83, 17),
(11631, 'MD-0138-SK-II', 80.22, 79.6665, 84.7915, 83.35, 61, 39),
(11632, 'MD-0139-SK-II', 79.95, 75.9165, 76.958, 79.45, 50, 50),
(11633, 'MD-0140-SK-II', 82.53, 75.708, 77.25, 82.7, 46, 54),
(11634, 'MD-0141-SK-II', 80.33, 75.05, 77.2, 81.55, 62, 38),
(11635, 'MD-0142-SK-II', 80.21, 80.015, 81.165, 74.3, 50, 50),
(11636, 'MD-0143-SK-II', 82.66, 80.6665, 83.5415, 75.3, 50, 50),
(11637, 'MD-0144-SK-II', 79, 74.375, 76.875, 73.85, 50, 50),
(11638, 'MD-0145-SK-II', 75, 77, 77.5, 73.5, 61, 39),
(11639, 'MD-0146-SK-II', 80, 77.0416666667, 76.25, 74.5, 50, 50),
(11640, 'MD-0147-SK-II', 78, 80, 77, 74.95, 50, 50),
(11641, 'MD-0148-SK-II', 78.74, 74.75, 76.705, 77.25, 62, 38),
(11642, 'MD-0149-SK-II', 85, 85.0415, 80.875, 76.85, 56, 44),
(11643, 'MD-0150-SK-II', 81.13, 80.75, 81.5, 73.25, 52, 48),
(11644, 'MD-0151-SK-II', 81.71, 76.125, 78.2915, 74, 56, 44),
(11645, 'MD-0152-SK-II', 81.13, 79.625, 80.375, 78.2, 63, 37),
(11646, 'MD-0153-SK-II', 79.28, 77.34, 78.515, 73.75, 50, 50),
(11647, 'MD-0154-SK-II', 80.67, 78.2915, 79.5, 75.55, 50, 50),
(11648, 'MD-0155-SK-II', 79.91, 74.3, 78.05, 75.95, 55, 45),
(11649, 'MD-0156-SK-II', 79.45, 74.2915, 72.375, 74.25, 50, 50),
(11650, 'MD-0157-SK-II', 83.2, 74.83, 82.33, 73.45, 56, 44),
(11651, 'MD-0158-SK-II', 80.93, 78.333, 78.458, 73.8, 63, 38),
(11652, 'MD-0159-SK-II', 85, 83.25, 80.2915, 75.8, 50, 50),
(11653, 'MD-0160-SK-II', 82.4, 79.45, 84, 76.4, 64, 36),
(11654, 'MD-0161-SK-II', 79, 74.583, 75.6665, 78.45, 50, 50),
(11655, 'MD-0162-SK-II', 75.67, 74.54, 75.875, 73.85, 50, 50),
(11656, 'MD-0163-SK-II', 88.2, 74.6, 77.1, 73.55, 55, 45),
(11657, 'MD-0164-SK-II', 80.33, 79.39, 81.015, 76.3, 50, 50),
(11658, 'MD-0165-SK-II', 81.12, 79.2915, 77.4166666667, 75.55, 64, 36),
(11659, 'MD-0166-SK-II', 82.4, 80.4165, 82.5, 78.68, 42, 58),
(11660, 'MD-0167-SK-II', 84.36, 83.9165, 87.375, 79.1, 35, 65),
(11661, 'MD-0168-SK-II', 83.41, 84.375, 80.665, 73.05, 38, 62),
(11662, 'MD-0169-SK-II', 79.93, 81.5, 79, 80.6, 64, 36),
(11663, 'MD-0170-SK-II', 81.76, 76.375, 79, 78.2, 58, 42),
(11664, 'MD-0171-SK-II', 78.97, 73.58, 73.58, 78.65, 41, 59),
(11665, 'MD-0172-SK-II', 82.6, 80.208, 82.833, 51.75, 43, 57),
(11666, 'MD-0173-SK-II', 83.14, 82.5415, 80.4165, 76.95, 34, 66),
(11667, 'MD-0174-SK-II', 84.12, 76.165, 81.625, 79.15, 40, 60),
(11668, 'MD-0175-SK-II', 84.33, 77.2915, 77.4165, 76.2, 55, 45),
(11669, 'MD-0176-SK-II', 83.06, 76.1665, 77.6665, 78.7, 45, 55),
(11670, 'MD-0177-SK-II', 79, 80.45, 78.4, 77.6, 50, 50),
(11671, 'MD-0178-SK-II', 82.13, 83.375, 83.625, 80.14, 38, 62),
(11672, 'MD-0179-SK-II', 82.77, 77.6665, 82.9165, 73.1, 54, 46),
(11673, 'MD-0180-SK-II', 83.58, 76.0415, 77.5, 76.75, 33, 67),
(11674, 'MD-0181-SK-II', 84, 83.75, 81.8, 78.85, 70, 30),
(11675, 'MD-0182-SK-II', 79.2, 78.33, 78.125, 75.45, 50, 50),
(11676, 'MD-0183-SK-II', 82.8, 79.415, 81.205, 79.2, 50, 50),
(11677, 'MD-0184-SK-II', 78.5, 74.65, 76.875, 77.92, 50, 50),
(11678, 'MD-0185-SK-II', 87, 84.75, 86.205, 78.35, 53, 47),
(11679, 'MD-0186-SK-II', 82.67, 76.29, 76.705, 76.25, 53, 47),
(11680, 'MD-0187-SK-II', 82.25, 76.125, 81.25, 79.64, 48, 52),
(11681, 'MD-0188-SK-II', 80.58, 75.6665, 75.625, 75.5, 60, 40),
(11682, 'MD-0189-SK-II', 82.47, 80.708, 79.75, 78.4, 59, 41),
(11683, 'MD-0190-SK-II', 82.08, 76.83, 78.33, 77.8, 48, 52),
(11684, 'MD-0191-SK-II', 81, 79.6, 77.95, 77.65, 62, 38),
(11685, 'MD-0192-SK-II', 83.09, 83.708, 84.708, 76.45, 55, 45),
(11686, 'MD-0193-SK-II', 82.96, 76, 77.2915, 80.64, 40, 60),
(11687, 'MD-0194-SK-II', 81, 79.625, 76.7915, 80.95, 44, 56),
(11688, 'MD-0195-SK-II', 85.11, 77.2915, 82.25, 77, 69, 31),
(11689, 'MD-0196-SK-II', 80.72, 75.5, 78.4, 77.3, 50, 50),
(11690, 'MD-0197-SK-II', 81.12, 75.25, 77.3, 77.2, 46, 54),
(11691, 'MD-0198-SK-II', 84.2, 83.4165, 82.833, 80.64, 78, 22),
(11692, 'MD-0199-SK-II', 83.6, 78.625, 84, 80.95, 44, 56),
(11693, 'MD-0200-SK-II', 83.04, 78.625, 81.208, 77, 52, 48),
(11694, 'MD-0201-SK-II', 86.4, 83.875, 86.455, 77.3, 53, 47),
(11695, 'MD-0202-SK-II', 82.46, 82.29, 81.875, 77.2, 64, 36),
(11696, 'MD-0203-SK-II', 85.51, 83.79, 85.5, 79.5, 46, 54),
(11697, 'MD-0204-SK-II', 83.13, 79.415, 84, 76.5, 67, 33),
(11698, 'MD-0205-SK-II', 83.18, 76.7085, 78.8335, 76.5, 59, 41),
(11699, 'MD-0206-SK-II', 83, 83.08, 80.33, 78.45, 33, 67),
(11700, 'MD-0207-SK-II', 79.49, 75.5, 77, 75.9, 42, 58),
(11701, 'MD-0208-SK-II', 84.3, 77.665, 81.54, 79.15, 57, 43),
(11702, 'MD-0209-SK-II', 78.28, 74.25, 76.75, 84.45, 50, 50),
(11703, 'MD-0210-SK-II', 87.39, 81.58, 81.75, 78.25, 50, 50),
(11704, 'MD-0211-SK-II', 77.6, 76.08, 76.53, 78.45, 59, 41),
(11705, 'MD-0212-SK-II', 84.91, 79.78, 79.96, 80.45, 56, 44),
(11706, 'MD-0213-SK-II', 88.89, 80.5, 80.5, 78.85, 39, 61),
(11707, 'MD-0214-SK-II', 81.82, 82.25, 79.8, 77.25, 81, 19),
(11708, 'MD-0215-SK-II', 79.19, 74.65, 74.95, 76.2, 61, 39),
(11709, 'MD-0216-SK-II', 83.03, 75.915, 76.955, 77.5, 43, 57),
(11710, 'MD-0217-SK-II', 81.44, 76.455, 77.75, 77.3, 47, 53),
(11711, 'MD-0218-SK-II', 80, 77, 79, 69.55, 50, 50),
(11712, 'MD-0219-SK-II', 81.34, 76.415, 78.915, 84.65, 43, 57),
(11713, 'MD-0220-SK-II', 83.93, 83.25, 82.25, 75.55, 52, 48),
(11714, 'MD-0221-SK-II', 82.09, 84.25, 81.65, 80.46, 54, 46),
(11715, 'MD-0222-SK-II', 83.46, 80.7915, 82.83, 75.9, 61, 39),
(11716, 'MD-0223-SK-II', 80.93, 78.79, 80.5, 75.2, 40, 60),
(11717, 'MD-0224-SK-II', 83, 83.75, 81.9165, 77.27, 52, 48),
(11718, 'MD-0225-SK-II', 84.73, 81.0415, 85.205, 77.27, 50, 50),
(11719, 'MD-0226-SK-II', 86.24, 84.208, 86.75, 77.92, 57, 43),
(11720, 'MD-0227-SK-II', 81.42, 75.25, 78.625, 80.09, 47, 53),
(11721, 'MD-0228-SK-II', 81.73, 79.33, 82.58, 78.28, 59, 41),
(11722, 'MD-0229-SK-II', 81.73, 79.5, 84, 79.89, 60, 40),
(11723, 'MD-0230-SK-II', 79.02, 75.33, 77.625, 78.28, 52, 48),
(11724, 'MD-0231-SK-II', 79.73, 77.65, 79.15, 69.55, 45, 55);

-- --------------------------------------------------------

--
-- Struktur dari tabel `normalisasi`
--

CREATE TABLE `normalisasi` (
  `Id_Normalisasi` int(11) NOT NULL,
  `No_Pendaftaran` varchar(20) NOT NULL,
  `C1` double NOT NULL,
  `C2` double NOT NULL,
  `C3` double NOT NULL,
  `C4` double NOT NULL,
  `C5` double NOT NULL,
  `C6` double NOT NULL
) ENGINE=InnoDB DEFAULT CHARSET=latin1;

--
-- Dumping data untuk tabel `normalisasi`
--

INSERT INTO `normalisasi` (`Id_Normalisasi`, `No_Pendaftaran`, `C1`, `C2`, `C3`, `C4`, `C5`, `C6`) VALUES
(11497, 'MD-0001-SK-II', 0.875802, 0.896755, 0.869814, 0.93668, 0.888889, 0.41791),
(11498, 'MD-0002-SK-II', 0.901701, 0.874573, 0.881859, 0.955009, 0.578313, 0.732394),
(11499, 'MD-0003-SK-II', 0.89263, 0.870163, 0.9, 0.89922, 0.481928, 0.84507),
(11500, 'MD-0004-SK-II', 0.926304, 0.831418, 0.926471, 0.884823, 0.674699, 0.619718),
(11501, 'MD-0005-SK-II', 0.793651, 0.823128, 0.794118, 0.884823, 0.686747, 0.605634),
(11502, 'MD-0006-SK-II', 0.895692, 0.893681, 0.941176, 0.95081, 0.46988, 0.859155),
(11503, 'MD-0007-SK-II', 0.889796, 0.852525, 0.9, 0.938212, 0.493976, 0.830986),
(11504, 'MD-0008-SK-II', 0.821995, 0.849174, 0.861353, 0.95021, 0.60241, 0.704225),
(11505, 'MD-0009-SK-II', 0.906739, 0.90413, 0.899857, 0.93798, 0.567901, 0.80597),
(11506, 'MD-0010-SK-II', 0.920522, 0.88241, 0.9098, 0.952609, 0.493976, 0.830986),
(11507, 'MD-0011-SK-II', 0.895692, 0.94401, 0.929412, 0.956809, 0.710843, 0.577465),
(11508, 'MD-0012-SK-II', 0.918367, 0.878983, 0.894118, 0.988602, 0.457831, 0.873239),
(11509, 'MD-0013-SK-II', 0.986395, 0.958356, 0.985294, 0.966407, 0.578313, 0.732394),
(11510, 'MD-0014-SK-II', 0.94898, 0.970115, 0.922353, 0.955009, 0.60241, 0.704225),
(11511, 'MD-0015-SK-II', 0.930385, 0.934838, 0.955882, 0.897421, 0.638554, 0.661972),
(11512, 'MD-0016-SK-II', 0.908503, 0.949007, 0.948529, 0.935813, 0.686747, 0.605634),
(11513, 'MD-0017-SK-II', 0.816327, 0.881922, 0.894118, 0.986803, 0.566265, 0.746479),
(11514, 'MD-0018-SK-II', 0.896259, 0.881922, 0.923529, 0.95021, 0.807229, 0.464789),
(11515, 'MD-0019-SK-II', 0.85034, 0.846645, 0.870588, 0.974205, 0.518072, 0.802817),
(11516, 'MD-0020-SK-II', 0.893424, 0.831359, 0.836765, 0.943611, 0.566265, 0.746479),
(11517, 'MD-0021-SK-II', 0.934807, 0.895622, 0.923, 0.941812, 0.674699, 0.619718),
(11518, 'MD-0022-SK-II', 0.896825, 0.878983, 0.9, 0.933773, 0.60241, 0.704225),
(11519, 'MD-0023-SK-II', 0.907596, 0.888801, 0.967647, 0.95081, 0.349398, 1),
(11520, 'MD-0024-SK-II', 0.936054, 0.882393, 0.910294, 0.942412, 0.578313, 0.732394),
(11521, 'MD-0025-SK-II', 0.915873, 0.91279, 0.957824, 0.913617, 0.831325, 0.43662),
(11522, 'MD-0026-SK-II', 0.89263, 0.917199, 0.905882, 0.922615, 0.73494, 0.549296),
(11523, 'MD-0027-SK-II', 0.895692, 0.933368, 0.935782, 0.946611, 0.698795, 0.591549),
(11524, 'MD-0028-SK-II', 0.90771, 0.917199, 0.947059, 0.947211, 0.60241, 0.704225),
(11525, 'MD-0029-SK-II', 0.907937, 0.891212, 0.920059, 0.962208, 0.638554, 0.661972),
(11526, 'MD-0030-SK-II', 0.884354, 0.843706, 0.941765, 0.965807, 0.674699, 0.619718),
(11527, 'MD-0031-SK-II', 0.90771, 0.888155, 0.912118, 0.891422, 0.73494, 0.549296),
(11528, 'MD-0032-SK-II', 0.903968, 0.879923, 0.930882, 0.891422, 0.542169, 0.774648),
(11529, 'MD-0033-SK-II', 0.909977, 0.917199, 0.947059, 0.903419, 0.722892, 0.56338),
(11530, 'MD-0034-SK-II', 0.835941, 0.917199, 0.923529, 0.886023, 0.686747, 0.605634),
(11531, 'MD-0035-SK-II', 0.910431, 0.913084, 0.971176, 0.881824, 0.60241, 0.704225),
(11532, 'MD-0036-SK-II', 0.832766, 0.866812, 0.867882, 0.893821, 0.60241, 0.704225),
(11533, 'MD-0037-SK-II', 0.896372, 0.928958, 0.929412, 0.89922, 0.60241, 0.704225),
(11534, 'MD-0038-SK-II', 0.900567, 0.904558, 0.906706, 0.926815, 0.60241, 0.704225),
(11535, 'MD-0039-SK-II', 0.884354, 0.90544, 0.847059, 0.922016, 0.60241, 0.704225),
(11536, 'MD-0040-SK-II', 0.926644, 0.948537, 0.955353, 0.878824, 0.506024, 0.816901),
(11537, 'MD-0041-SK-II', 0.793651, 0.879277, 0.913059, 0.887822, 0.60241, 0.704225),
(11538, 'MD-0042-SK-II', 0.997732, 0.881922, 0.9, 0.938212, 0.650602, 0.647887),
(11539, 'MD-0043-SK-II', 0.907029, 0.933662, 0.940588, 0.884823, 0.674699, 0.619718),
(11540, 'MD-0044-SK-II', 0.798639, 0.870751, 0.852941, 0.906419, 0.759036, 0.521127),
(11541, 'MD-0045-SK-II', 0.817527, 0.877876, 0.841774, 0.897224, 0.617284, 0.746269),
(11542, 'MD-0046-SK-II', 0.804989, 0.84253, 0.844471, 0.890822, 0.60241, 0.704225),
(11543, 'MD-0047-SK-II', 0.894444, 0.878489, 0.891665, 0.881224, 0.60241, 0.704225),
(11544, 'MD-0048-SK-II', 0.820181, 0.859639, 0.866235, 0.885423, 0.60241, 0.704225),
(11545, 'MD-0049-SK-II', 0.842971, 0.880041, 0.897059, 0.909418, 0.60241, 0.704225),
(11546, 'MD-0050-SK-II', 0.910431, 0.946107, 0.975, 0.916617, 0.590361, 0.71831),
(11547, 'MD-0051-SK-II', 0.680272, 0.705538, 0.882353, 0.941212, 0.60241, 0.704225),
(11548, 'MD-0052-SK-II', 0.888889, 0.920492, 0.928824, 0.886023, 0.60241, 0.704225),
(11549, 'MD-0053-SK-II', 0.9161, 0.933368, 0.947549, 0.882424, 0.578313, 0.732394),
(11550, 'MD-0054-SK-II', 0.913832, 0.920609, 0.941647, 0.915417, 0.60241, 0.704225),
(11551, 'MD-0055-SK-II', 0.912698, 0.92643, 0.951176, 0.906419, 0.60241, 0.704225),
(11552, 'MD-0056-SK-II', 0.907029, 0.956392, 0.897547, 0.919016, 0.60241, 0.704225),
(11553, 'MD-0057-SK-II', 0.907029, 0.811369, 0.888235, 0.883623, 0.60241, 0.704225),
(11554, 'MD-0058-SK-II', 0.933447, 0.921115, 0.961271, 0.881824, 0.493976, 0.830986),
(11555, 'MD-0059-SK-II', 0.914286, 0.889272, 0.895059, 0.889622, 0.60241, 0.704225),
(11556, 'MD-0060-SK-II', 0.923469, 0.811369, 0.811765, 0.904619, 0.650602, 0.647887),
(11557, 'MD-0061-SK-II', 0.926644, 0.921115, 0.956859, 0.908218, 0.518072, 0.802817),
(11558, 'MD-0062-SK-II', 0.907029, 0.937777, 0.960588, 0.878224, 0.60241, 0.704225),
(11559, 'MD-0063-SK-II', 0.929705, 0.881922, 0.935294, 0.919016, 0.626506, 0.676056),
(11560, 'MD-0064-SK-II', 0.913832, 0.933838, 0.947529, 0.89802, 0.53012, 0.788732),
(11561, 'MD-0065-SK-II', 0.839342, 0.867576, 0.880412, 0.928014, 0.60241, 0.704225),
(11562, 'MD-0066-SK-II', 0.901701, 0.881922, 0.894118, 0.874025, 0.60241, 0.704225),
(11563, 'MD-0067-SK-II', 0.878685, 0.908086, 0.907882, 0.928014, 0.60241, 0.704225),
(11564, 'MD-0068-SK-II', 0.847846, 0.898914, 0.911824, 0.896821, 0.60241, 0.704225),
(11565, 'MD-0069-SK-II', 0.911791, 0.899561, 0.900488, 0.884823, 0.60241, 0.704225),
(11566, 'MD-0070-SK-II', 0.896372, 0.917199, 0.885294, 0.887223, 0.566265, 0.746479),
(11567, 'MD-0071-SK-II', 0.895692, 0.864284, 0.894118, 0.875825, 0.771084, 0.507042),
(11568, 'MD-0072-SK-II', 0.919388, 0.940717, 0.958824, 0.95201, 0.578313, 0.732394),
(11569, 'MD-0073-SK-II', 0.907029, 0.917199, 0.911765, 0.875825, 0.60241, 0.704225),
(11570, 'MD-0074-SK-II', 0.825283, 0.907886, 0.889218, 0.869826, 0.674699, 0.619718),
(11571, 'MD-0075-SK-II', 0.845351, 0.879335, 0.892176, 0.905219, 0.662651, 0.633803),
(11572, 'MD-0076-SK-II', 0.915306, 0.981874, 0.929412, 0.881824, 0.53012, 0.788732),
(11573, 'MD-0077-SK-II', 0.903628, 0.887802, 0.952941, 0.938812, 0.53012, 0.788732),
(11574, 'MD-0078-SK-II', 0.915986, 0.858892, 0.873529, 0.911218, 0.578313, 0.732394),
(11575, 'MD-0079-SK-II', 0.85034, 0.917199, 0.894118, 0.879424, 0.554217, 0.760563),
(11576, 'MD-0080-SK-II', 0.848073, 0.917199, 0.835294, 0.925015, 0.746988, 0.535211),
(11577, 'MD-0081-SK-II', 0.872789, 0.838767, 0.903471, 0.918416, 0.60241, 0.704225),
(11578, 'MD-0082-SK-II', 0.902154, 0.870163, 0.923529, 0.869226, 0.457831, 0.873239),
(11579, 'MD-0083-SK-II', 0.895692, 0.893681, 0.905882, 0.879424, 0.662651, 0.633803),
(11580, 'MD-0084-SK-II', 0.884354, 0.887802, 0.897547, 0.885423, 0.493976, 0.830986),
(11581, 'MD-0085-SK-II', 0.895692, 0.870163, 0.9, 0.875825, 0.710843, 0.577465),
(11582, 'MD-0086-SK-II', 0.895692, 0.870163, 0.929412, 0.894421, 0.662651, 0.633803),
(11583, 'MD-0087-SK-II', 0.891156, 0.871927, 0.872353, 0.90042, 0.662651, 0.633803),
(11584, 'MD-0088-SK-II', 0.866213, 0.876513, 0.888294, 0.903419, 0.783133, 0.492958),
(11585, 'MD-0089-SK-II', 0.918367, 0.858404, 0.882353, 0.907019, 0.493976, 0.830986),
(11586, 'MD-0090-SK-II', 0.908503, 0.917199, 0.926471, 0.923215, 0.626506, 0.676056),
(11587, 'MD-0091-SK-II', 0.89263, 0.864284, 0.905882, 0.925615, 0.626506, 0.676056),
(11588, 'MD-0092-SK-II', 0.907143, 0.882863, 0.9, 0.875225, 0.457831, 0.873239),
(11589, 'MD-0093-SK-II', 0.92551, 0.811369, 0.817647, 0.876425, 0.506024, 0.816901),
(11590, 'MD-0094-SK-II', 0.793651, 0.858404, 0.888235, 0.89802, 0.554217, 0.760563),
(11591, 'MD-0095-SK-II', 0.895692, 0.881922, 0.882353, 0.913017, 0.722892, 0.56338),
(11592, 'MD-0096-SK-II', 0.937982, 0.949043, 0.977453, 0.958008, 0.53012, 0.788732),
(11593, 'MD-0097-SK-II', 0.901789, 0.89115, 0.897282, 0.868281, 0.641975, 0.716418),
(11594, 'MD-0098-SK-II', 0.984921, 0.987753, 0.994118, 0.907019, 0.771084, 0.507042),
(11595, 'MD-0099-SK-II', 0.872222, 0.987753, 1, 0.934613, 0.674699, 0.619718),
(11596, 'MD-0100-SK-II', 0.907029, 0.928958, 0.935294, 0.889022, 0.86747, 0.394366),
(11597, 'MD-0101-SK-II', 0.918367, 0.893681, 0.947059, 0.880024, 0.46988, 0.859155),
(11598, 'MD-0102-SK-II', 0.901927, 0.917199, 0.929412, 0.94901, 0.855422, 0.408451),
(11599, 'MD-0103-SK-II', 0.907029, 0.923079, 0.917647, 0.881224, 0.578313, 0.732394),
(11600, 'MD-0104-SK-II', 0.921429, 0.92108, 0.897529, 0.887822, 0.373494, 0.971831),
(11601, 'MD-0105-SK-II', 0.862245, 0.897327, 0.901235, 0.889622, 0.60241, 0.704225),
(11602, 'MD-0106-SK-II', 0.873016, 0.884274, 0.880588, 0.975405, 0.60241, 0.704225),
(11603, 'MD-0107-SK-II', 0.926871, 0.891718, 0.896076, 0.878824, 0.60241, 0.704225),
(11604, 'MD-0108-SK-II', 0.852608, 0.871475, 0.888294, 0.912537, 0.662651, 0.633803),
(11605, 'MD-0109-SK-II', 0.997732, 0.876043, 0.882353, 0.896221, 0.578313, 0.732394),
(11606, 'MD-0110-SK-II', 0.893801, 0.900649, 0.91319, 0.87596, 0.753086, 0.58209),
(11607, 'MD-0111-SK-II', 0.886054, 0.867694, 0.888235, 0.895021, 0.710843, 0.577465),
(11608, 'MD-0112-SK-II', 0.9, 0.876043, 0.902941, 0.911818, 0.939759, 0.309859),
(11609, 'MD-0113-SK-II', 0.945125, 0.895151, 0.920094, 0.879424, 0.710843, 0.577465),
(11610, 'MD-0114-SK-II', 0.866893, 0.927959, 0.947059, 0.889022, 0.626506, 0.676056),
(11611, 'MD-0115-SK-II', 0.850567, 0.890742, 0.888412, 0.914817, 0.60241, 0.704225),
(11612, 'MD-0116-SK-II', 0.918367, 0.893681, 0.917153, 0.904619, 0.60241, 0.704225),
(11613, 'MD-0117-SK-II', 0.908503, 0.920139, 0.951471, 0.891422, 0.421687, 0.915493),
(11614, 'MD-0118-SK-II', 0.88458, 0.885862, 0.894176, 0.893221, 0.60241, 0.704225),
(11615, 'MD-0119-SK-II', 0.841489, 0.912684, 0.901288, 0.874778, 0.617284, 0.746269),
(11616, 'MD-0120-SK-II', 0.894104, 0.923079, 0.849018, 0.875825, 0.39759, 0.943662),
(11617, 'MD-0121-SK-II', 0.804989, 0.846763, 0.853176, 0.884823, 0.60241, 0.704225),
(11618, 'MD-0122-SK-II', 0.819728, 0.837532, 0.849059, 0.913017, 0.626506, 0.676056),
(11619, 'MD-0123-SK-II', 0.933673, 0.892699, 0.929412, 0.875825, 0.686747, 0.605634),
(11620, 'MD-0124-SK-II', 0.929705, 0.956004, 0.969118, 0.943011, 0.60241, 0.704225),
(11621, 'MD-0125-SK-II', 0.975057, 0.940717, 0.941176, 0.883623, 0.566265, 0.746479),
(11622, 'MD-0126-SK-II', 0.889116, 0.899561, 0.905882, 0.889622, 0.759036, 0.535211),
(11623, 'MD-0127-SK-II', 0.88356, 0.91377, 0.914216, 0.887223, 0.60241, 0.704225),
(11624, 'MD-0128-SK-II', 0.898639, 0.893187, 0.914706, 0.90102, 0.626506, 0.676056),
(11625, 'MD-0129-SK-II', 0.951474, 0.890742, 0.943135, 0.908218, 0.626506, 0.676056),
(11626, 'MD-0130-SK-II', 0.939683, 0.880452, 0.925976, 0.89802, 0.566265, 0.746479),
(11627, 'MD-0131-SK-II', 0.895692, 0.864284, 0.876471, 0.972406, 0.421687, 0.915493),
(11628, 'MD-0132-SK-II', 0.929238, 0.93705, 0.929413, 0.871825, 0.530864, 0.850746),
(11629, 'MD-0133-SK-II', 0.85034, 0.981874, 0.988235, 0.870426, 0.698795, 0.591549),
(11630, 'MD-0134-SK-II', 0.937188, 0.951477, 0.966647, 0.905219, 0.60241, 0.704225),
(11631, 'MD-0135-SK-II', 0.903515, 0.893681, 0.904882, 0.916017, 0.86747, 0.394366),
(11632, 'MD-0136-SK-II', 0.857937, 0.904617, 0.915059, 0.885423, 0.542169, 0.774648),
(11633, 'MD-0137-SK-II', 0.884354, 0.915236, 0.914706, 0.880624, 1, 0.239437),
(11634, 'MD-0138-SK-II', 0.909524, 0.936796, 0.997547, 1, 0.73494, 0.549296),
(11635, 'MD-0139-SK-II', 0.906463, 0.892699, 0.905388, 0.953209, 0.60241, 0.704225),
(11636, 'MD-0140-SK-II', 0.935714, 0.890248, 0.908824, 0.992202, 0.554217, 0.760563),
(11637, 'MD-0141-SK-II', 0.910771, 0.88251, 0.908235, 0.978404, 0.746988, 0.535211),
(11638, 'MD-0142-SK-II', 0.90941, 0.940894, 0.954882, 0.891422, 0.60241, 0.704225),
(11639, 'MD-0143-SK-II', 0.937188, 0.948555, 0.982841, 0.903419, 0.60241, 0.704225),
(11640, 'MD-0144-SK-II', 0.888739, 0.877581, 0.879828, 0.872416, 0.617284, 0.746269),
(11641, 'MD-0145-SK-II', 0.85034, 0.90544, 0.911765, 0.881824, 0.73494, 0.549296),
(11642, 'MD-0146-SK-II', 0.907029, 0.90593, 0.897059, 0.893821, 0.60241, 0.704225),
(11643, 'MD-0147-SK-II', 0.884354, 0.940717, 0.905882, 0.89922, 0.60241, 0.704225),
(11644, 'MD-0148-SK-II', 0.892744, 0.878983, 0.902412, 0.926815, 0.746988, 0.535211),
(11645, 'MD-0149-SK-II', 0.963719, 1, 0.951471, 0.922016, 0.674699, 0.619718),
(11646, 'MD-0150-SK-II', 0.919841, 0.949536, 0.958824, 0.878824, 0.626506, 0.676056),
(11647, 'MD-0151-SK-II', 0.926417, 0.895151, 0.921076, 0.887822, 0.674699, 0.619718),
(11648, 'MD-0152-SK-II', 0.919841, 0.936308, 0.945588, 0.938212, 0.759036, 0.521127),
(11649, 'MD-0153-SK-II', 0.898866, 0.909438, 0.923706, 0.884823, 0.60241, 0.704225),
(11650, 'MD-0154-SK-II', 0.914626, 0.920627, 0.935294, 0.906419, 0.60241, 0.704225),
(11651, 'MD-0155-SK-II', 0.906009, 0.873691, 0.918235, 0.911218, 0.662651, 0.633803),
(11652, 'MD-0156-SK-II', 0.900794, 0.873591, 0.851471, 0.890822, 0.60241, 0.704225),
(11653, 'MD-0157-SK-II', 0.943311, 0.879923, 0.968588, 0.881224, 0.674699, 0.619718),
(11654, 'MD-0158-SK-II', 0.917574, 0.921115, 0.923035, 0.885423, 0.759036, 0.535211),
(11655, 'MD-0159-SK-II', 0.963719, 0.978934, 0.944606, 0.909418, 0.60241, 0.704225),
(11656, 'MD-0160-SK-II', 0.93424, 0.93425, 0.988235, 0.916617, 0.771084, 0.507042),
(11657, 'MD-0161-SK-II', 0.895692, 0.877019, 0.890194, 0.941212, 0.60241, 0.704225),
(11658, 'MD-0162-SK-II', 0.857937, 0.876513, 0.892647, 0.886023, 0.60241, 0.704225),
(11659, 'MD-0163-SK-II', 1, 0.877219, 0.907059, 0.882424, 0.662651, 0.633803),
(11660, 'MD-0164-SK-II', 0.910771, 0.933544, 0.953118, 0.915417, 0.60241, 0.704225),
(11661, 'MD-0165-SK-II', 0.919728, 0.932386, 0.910784, 0.906419, 0.771084, 0.507042),
(11662, 'MD-0166-SK-II', 0.93424, 0.945615, 0.970588, 0.943971, 0.506024, 0.816901),
(11663, 'MD-0167-SK-II', 0.949038, 0.990165, 1, 0.934436, 0.432099, 0.970149),
(11664, 'MD-0168-SK-II', 0.938351, 0.995575, 0.923205, 0.862965, 0.469136, 0.925373),
(11665, 'MD-0169-SK-II', 0.899201, 0.961652, 0.904149, 0.952156, 0.790123, 0.537313),
(11666, 'MD-0170-SK-II', 0.919789, 0.90118, 0.904149, 0.923804, 0.716049, 0.626866),
(11667, 'MD-0171-SK-II', 0.888401, 0.868201, 0.842117, 0.92912, 0.506173, 0.880597),
(11668, 'MD-0172-SK-II', 0.929238, 0.946407, 0.948017, 0.611341, 0.530864, 0.850746),
(11669, 'MD-0173-SK-II', 0.935313, 0.973941, 0.920361, 0.909037, 0.419753, 0.985075),
(11670, 'MD-0174-SK-II', 0.946338, 0.898702, 0.934192, 0.935027, 0.493827, 0.895522),
(11671, 'MD-0175-SK-II', 0.948701, 0.911994, 0.886026, 0.900177, 0.679012, 0.671642),
(11672, 'MD-0176-SK-II', 0.934413, 0.89872, 0.888887, 0.929711, 0.555556, 0.820896),
(11673, 'MD-0177-SK-II', 0.888739, 0.949263, 0.897282, 0.916716, 0.617284, 0.746269),
(11674, 'MD-0178-SK-II', 0.923951, 0.983776, 0.957082, 0.946722, 0.469136, 0.925373),
(11675, 'MD-0179-SK-II', 0.931151, 0.916419, 0.948973, 0.863556, 0.666667, 0.686567),
(11676, 'MD-0180-SK-II', 0.940263, 0.897245, 0.886981, 0.906675, 0.407407, 1),
(11677, 'MD-0181-SK-II', 0.944988, 0.988201, 0.936195, 0.931483, 0.864198, 0.447761),
(11678, 'MD-0182-SK-II', 0.890989, 0.924248, 0.894134, 0.891317, 0.617284, 0.746269),
(11679, 'MD-0183-SK-II', 0.931488, 0.93705, 0.929385, 0.935617, 0.617284, 0.746269),
(11680, 'MD-0184-SK-II', 0.883114, 0.880826, 0.879828, 0.920496, 0.617284, 0.746269),
(11681, 'MD-0185-SK-II', 0.978738, 1, 0.986609, 0.925576, 0.654321, 0.701493),
(11682, 'MD-0186-SK-II', 0.930026, 0.900177, 0.877883, 0.900768, 0.654321, 0.701493),
(11683, 'MD-0187-SK-II', 0.925301, 0.89823, 0.9299, 0.940815, 0.592593, 0.776119),
(11684, 'MD-0188-SK-II', 0.906514, 0.89282, 0.865522, 0.891908, 0.740741, 0.597015),
(11685, 'MD-0189-SK-II', 0.927776, 0.952307, 0.912732, 0.926167, 0.728395, 0.61194),
(11686, 'MD-0190-SK-II', 0.923388, 0.906549, 0.896481, 0.919079, 0.592593, 0.776119),
(11687, 'MD-0191-SK-II', 0.911239, 0.939233, 0.892132, 0.917307, 0.765432, 0.567164),
(11688, 'MD-0192-SK-II', 0.934751, 0.987705, 0.969476, 0.903131, 0.679012, 0.671642),
(11689, 'MD-0193-SK-II', 0.933288, 0.896755, 0.884595, 0.952628, 0.493827, 0.895522),
(11690, 'MD-0194-SK-II', 0.911239, 0.939528, 0.878873, 0.956291, 0.54321, 0.835821),
(11691, 'MD-0195-SK-II', 0.957476, 0.911994, 0.941345, 0.909628, 0.851852, 0.462687),
(11692, 'MD-0196-SK-II', 0.908089, 0.890855, 0.897282, 0.913172, 0.617284, 0.746269),
(11693, 'MD-0197-SK-II', 0.912589, 0.887906, 0.884692, 0.911991, 0.567901, 0.80597),
(11694, 'MD-0198-SK-II', 0.947238, 0.984265, 0.948017, 0.952628, 0.962963, 0.328358),
(11695, 'MD-0199-SK-II', 0.940488, 0.927729, 0.961373, 0.956291, 0.54321, 0.835821),
(11696, 'MD-0200-SK-II', 0.934188, 0.927729, 0.929419, 0.909628, 0.641975, 0.716418),
(11697, 'MD-0201-SK-II', 0.971988, 0.989676, 0.989471, 0.913172, 0.654321, 0.701493),
(11698, 'MD-0202-SK-II', 0.927663, 0.970973, 0.937053, 0.911991, 0.790123, 0.537313),
(11699, 'MD-0203-SK-II', 0.961975, 0.988673, 0.978541, 0.939161, 0.567901, 0.80597),
(11700, 'MD-0204-SK-II', 0.935201, 0.93705, 0.961373, 0.903721, 0.82716, 0.492537),
(11701, 'MD-0205-SK-II', 0.935763, 0.905115, 0.902243, 0.903721, 0.728395, 0.61194),
(11702, 'MD-0206-SK-II', 0.933738, 0.980295, 0.919371, 0.926757, 0.407407, 1),
(11703, 'MD-0207-SK-II', 0.894251, 0.890855, 0.881259, 0.896633, 0.518519, 0.865672),
(11704, 'MD-0208-SK-II', 0.948363, 0.916401, 0.933219, 0.935027, 0.703704, 0.641791),
(11705, 'MD-0209-SK-II', 0.880639, 0.876106, 0.878398, 0.997637, 0.617284, 0.746269),
(11706, 'MD-0210-SK-II', 0.983125, 0.962596, 0.935622, 0.924395, 0.617284, 0.746269),
(11707, 'MD-0211-SK-II', 0.879819, 0.894622, 0.900353, 0.941212, 0.710843, 0.577465),
(11708, 'MD-0212-SK-II', 0.955226, 0.941357, 0.915136, 0.950384, 0.691358, 0.656716),
(11709, 'MD-0213-SK-II', 1, 0.949853, 0.921316, 0.931483, 0.481481, 0.910448),
(11710, 'MD-0214-SK-II', 0.920463, 0.970501, 0.913305, 0.912581, 1, 0.283582),
(11711, 'MD-0215-SK-II', 0.890876, 0.880826, 0.857797, 0.900177, 0.753086, 0.58209),
(11712, 'MD-0216-SK-II', 0.934076, 0.895752, 0.880744, 0.915535, 0.530864, 0.850746),
(11713, 'MD-0217-SK-II', 0.916189, 0.902124, 0.889843, 0.913172, 0.580247, 0.791045),
(11714, 'MD-0218-SK-II', 0.899989, 0.908555, 0.904149, 0.821618, 0.617284, 0.746269),
(11715, 'MD-0219-SK-II', 0.915064, 0.901652, 0.903176, 1, 0.530864, 0.850746),
(11716, 'MD-0220-SK-II', 0.944201, 0.982301, 0.941345, 0.892499, 0.641975, 0.716418),
(11717, 'MD-0221-SK-II', 0.923501, 0.9941, 0.934478, 0.950502, 0.666667, 0.686567),
(11718, 'MD-0222-SK-II', 0.938913, 0.953292, 0.947983, 0.896633, 0.753086, 0.58209),
(11719, 'MD-0223-SK-II', 0.910451, 0.929676, 0.921316, 0.888364, 0.493827, 0.895522),
(11720, 'MD-0224-SK-II', 0.933738, 0.988201, 0.937528, 0.912817, 0.641975, 0.716418),
(11721, 'MD-0225-SK-II', 0.953201, 0.956242, 0.975165, 0.912817, 0.617284, 0.746269),
(11722, 'MD-0226-SK-II', 0.970188, 0.993605, 0.992847, 0.920496, 0.703704, 0.641791),
(11723, 'MD-0227-SK-II', 0.915964, 0.887906, 0.899857, 0.946131, 0.580247, 0.791045),
(11724, 'MD-0228-SK-II', 0.919451, 0.936047, 0.945122, 0.924749, 0.728395, 0.61194),
(11725, 'MD-0229-SK-II', 0.919451, 0.938053, 0.961373, 0.943768, 0.740741, 0.597015),
(11726, 'MD-0230-SK-II', 0.888964, 0.88885, 0.888412, 0.924749, 0.641975, 0.716418),
(11727, 'MD-0231-SK-II', 0.896951, 0.916224, 0.905866, 0.821618, 0.555556, 0.820896);

-- --------------------------------------------------------

--
-- Struktur dari tabel `normalisasi_matriks`
--

CREATE TABLE `normalisasi_matriks` (
  `Id_Normalisasi` int(11) NOT NULL,
  `No_Pendaftaran` varchar(20) NOT NULL,
  `C1` double NOT NULL,
  `C2` double NOT NULL,
  `C3` double NOT NULL,
  `C4` double NOT NULL,
  `C5` double NOT NULL,
  `C6` double NOT NULL
) ENGINE=InnoDB DEFAULT CHARSET=latin1;

--
-- Dumping data untuk tabel `normalisasi_matriks`
--

INSERT INTO `normalisasi_matriks` (`Id_Normalisasi`, `No_Pendaftaran`, `C1`, `C2`, `C3`, `C4`, `C5`, `C6`) VALUES
(11424, 'MD-0001-SK-II', 0.016759, 0.02837, 0.005585, 0.024179, 0.0081, 0.019969),
(11425, 'MD-0002-SK-II', 0.011939, 0.003854, 0.019098, 0.016623, 0.021794, 0.00421),
(11426, 'MD-0003-SK-II', 0.011819, 0.003835, 0.01949, 0.015652, 0.018162, 0.004858),
(11427, 'MD-0004-SK-II', 0.012265, 0.003664, 0.020064, 0.015402, 0.025426, 0.003563),
(11428, 'MD-0005-SK-II', 0.010508, 0.003627, 0.017197, 0.015402, 0.02588, 0.003482),
(11429, 'MD-0006-SK-II', 0.01186, 0.003938, 0.020382, 0.01655, 0.017708, 0.004939),
(11430, 'MD-0007-SK-II', 0.011781, 0.003757, 0.01949, 0.016331, 0.018616, 0.004777),
(11431, 'MD-0008-SK-II', 0.010884, 0.003742, 0.018653, 0.01654, 0.022702, 0.004048),
(11432, 'MD-0009-SK-II', 0.017351, 0.028603, 0.005778, 0.024213, 0.005175, 0.038511),
(11433, 'MD-0010-SK-II', 0.012188, 0.003889, 0.019703, 0.016582, 0.018616, 0.004777),
(11434, 'MD-0011-SK-II', 0.01186, 0.00416, 0.020127, 0.016655, 0.026788, 0.00332),
(11435, 'MD-0012-SK-II', 0.01216, 0.003873, 0.019363, 0.017208, 0.017253, 0.00502),
(11436, 'MD-0013-SK-II', 0.01306, 0.004223, 0.021338, 0.016822, 0.021794, 0.00421),
(11437, 'MD-0014-SK-II', 0.012565, 0.004275, 0.019974, 0.016623, 0.022702, 0.004048),
(11438, 'MD-0015-SK-II', 0.012319, 0.00412, 0.020701, 0.015621, 0.024064, 0.003806),
(11439, 'MD-0016-SK-II', 0.012029, 0.004182, 0.020541, 0.016289, 0.02588, 0.003482),
(11440, 'MD-0017-SK-II', 0.010809, 0.003886, 0.019363, 0.017177, 0.02134, 0.004291),
(11441, 'MD-0018-SK-II', 0.011867, 0.003886, 0.02, 0.01654, 0.030421, 0.002672),
(11442, 'MD-0019-SK-II', 0.011259, 0.003731, 0.018853, 0.016957, 0.019524, 0.004615),
(11443, 'MD-0020-SK-II', 0.01183, 0.003664, 0.018121, 0.016425, 0.02134, 0.004291),
(11444, 'MD-0021-SK-II', 0.012377, 0.003947, 0.019988, 0.016394, 0.025426, 0.003563),
(11445, 'MD-0022-SK-II', 0.011875, 0.003873, 0.01949, 0.016254, 0.022702, 0.004048),
(11446, 'MD-0023-SK-II', 0.012017, 0.003917, 0.020955, 0.01655, 0.013167, 0.005749),
(11447, 'MD-0024-SK-II', 0.012394, 0.003889, 0.019713, 0.016404, 0.021794, 0.00421),
(11448, 'MD-0025-SK-II', 0.012127, 0.004022, 0.020743, 0.015903, 0.031329, 0.00251),
(11449, 'MD-0026-SK-II', 0.011819, 0.004042, 0.019618, 0.016059, 0.027696, 0.003158),
(11450, 'MD-0027-SK-II', 0.01186, 0.004113, 0.020265, 0.016477, 0.026334, 0.003401),
(11451, 'MD-0028-SK-II', 0.012019, 0.004042, 0.02051, 0.016488, 0.022702, 0.004048),
(11452, 'MD-0029-SK-II', 0.012022, 0.003927, 0.019925, 0.016749, 0.024064, 0.003806),
(11453, 'MD-0030-SK-II', 0.011709, 0.003718, 0.020395, 0.016811, 0.025426, 0.003563),
(11454, 'MD-0031-SK-II', 0.012019, 0.003914, 0.019753, 0.015517, 0.027696, 0.003158),
(11455, 'MD-0032-SK-II', 0.011969, 0.003878, 0.020159, 0.015517, 0.020432, 0.004453),
(11456, 'MD-0033-SK-II', 0.012049, 0.004042, 0.02051, 0.015725, 0.027242, 0.003239),
(11457, 'MD-0034-SK-II', 0.011068, 0.004042, 0.02, 0.015423, 0.02588, 0.003482),
(11458, 'MD-0035-SK-II', 0.012055, 0.004024, 0.021032, 0.015349, 0.022702, 0.004048),
(11459, 'MD-0036-SK-II', 0.011026, 0.00382, 0.018795, 0.015558, 0.022702, 0.004048),
(11460, 'MD-0037-SK-II', 0.011869, 0.004094, 0.020127, 0.015652, 0.022702, 0.004048),
(11461, 'MD-0038-SK-II', 0.011924, 0.003986, 0.019636, 0.016133, 0.022702, 0.004048),
(11462, 'MD-0039-SK-II', 0.011709, 0.00399, 0.018344, 0.016049, 0.022702, 0.004048),
(11463, 'MD-0040-SK-II', 0.012269, 0.00418, 0.020689, 0.015297, 0.01907, 0.004696),
(11464, 'MD-0041-SK-II', 0.010508, 0.003875, 0.019773, 0.015454, 0.022702, 0.004048),
(11465, 'MD-0042-SK-II', 0.013211, 0.003886, 0.01949, 0.016331, 0.024518, 0.003725),
(11466, 'MD-0043-SK-II', 0.01201, 0.004114, 0.020369, 0.015402, 0.025426, 0.003563),
(11467, 'MD-0044-SK-II', 0.010574, 0.003837, 0.018471, 0.015778, 0.028604, 0.002996),
(11468, 'MD-0045-SK-II', 0.015644, 0.027773, 0.005405, 0.023161, 0.005625, 0.035658),
(11469, 'MD-0046-SK-II', 0.010659, 0.003713, 0.018288, 0.015506, 0.022702, 0.004048),
(11470, 'MD-0047-SK-II', 0.011843, 0.003871, 0.01931, 0.015339, 0.022702, 0.004048),
(11471, 'MD-0048-SK-II', 0.01086, 0.003788, 0.018759, 0.015412, 0.022702, 0.004048),
(11472, 'MD-0049-SK-II', 0.011161, 0.003878, 0.019427, 0.01583, 0.022702, 0.004048),
(11473, 'MD-0050-SK-II', 0.012055, 0.004169, 0.021115, 0.015955, 0.022248, 0.004129),
(11474, 'MD-0051-SK-II', 0.009007, 0.003109, 0.019108, 0.016383, 0.022702, 0.004048),
(11475, 'MD-0052-SK-II', 0.011769, 0.004056, 0.020115, 0.015423, 0.022702, 0.004048),
(11476, 'MD-0053-SK-II', 0.01213, 0.004113, 0.02052, 0.01536, 0.021794, 0.00421),
(11477, 'MD-0054-SK-II', 0.0121, 0.004057, 0.020392, 0.015934, 0.022702, 0.004048),
(11478, 'MD-0055-SK-II', 0.012085, 0.004083, 0.020599, 0.015778, 0.022702, 0.004048),
(11479, 'MD-0056-SK-II', 0.01201, 0.004215, 0.019437, 0.015997, 0.022702, 0.004048),
(11480, 'MD-0057-SK-II', 0.01201, 0.003576, 0.019236, 0.015381, 0.022702, 0.004048),
(11481, 'MD-0058-SK-II', 0.012359, 0.004059, 0.020817, 0.015349, 0.018616, 0.004777),
(11482, 'MD-0059-SK-II', 0.012106, 0.003919, 0.019383, 0.015485, 0.022702, 0.004048),
(11483, 'MD-0060-SK-II', 0.012227, 0.003576, 0.01758, 0.015746, 0.024518, 0.003725),
(11484, 'MD-0061-SK-II', 0.012269, 0.004059, 0.020722, 0.015809, 0.019524, 0.004615),
(11485, 'MD-0062-SK-II', 0.01201, 0.004133, 0.020802, 0.015287, 0.022702, 0.004048),
(11486, 'MD-0063-SK-II', 0.01231, 0.003886, 0.020255, 0.015997, 0.02361, 0.003887),
(11487, 'MD-0064-SK-II', 0.0121, 0.004115, 0.02052, 0.015631, 0.019978, 0.004534),
(11488, 'MD-0065-SK-II', 0.011113, 0.003823, 0.019066, 0.016153, 0.022702, 0.004048),
(11489, 'MD-0066-SK-II', 0.011939, 0.003886, 0.019363, 0.015214, 0.022702, 0.004048),
(11490, 'MD-0067-SK-II', 0.011634, 0.004002, 0.019661, 0.016153, 0.022702, 0.004048),
(11491, 'MD-0068-SK-II', 0.011226, 0.003961, 0.019746, 0.01561, 0.022702, 0.004048),
(11492, 'MD-0069-SK-II', 0.012073, 0.003964, 0.019501, 0.015402, 0.022702, 0.004048),
(11493, 'MD-0070-SK-II', 0.011869, 0.004042, 0.019172, 0.015443, 0.02134, 0.004291),
(11494, 'MD-0071-SK-II', 0.01186, 0.003809, 0.019363, 0.015245, 0.029058, 0.002915),
(11495, 'MD-0072-SK-II', 0.012173, 0.004146, 0.020764, 0.016571, 0.021794, 0.00421),
(11496, 'MD-0073-SK-II', 0.01201, 0.004042, 0.019745, 0.015245, 0.022702, 0.004048),
(11497, 'MD-0074-SK-II', 0.010927, 0.004001, 0.019257, 0.015141, 0.025426, 0.003563),
(11498, 'MD-0075-SK-II', 0.011193, 0.003875, 0.019321, 0.015757, 0.024972, 0.003644),
(11499, 'MD-0076-SK-II', 0.012119, 0.004327, 0.020127, 0.015349, 0.019978, 0.004534),
(11500, 'MD-0077-SK-II', 0.011965, 0.003912, 0.020637, 0.016341, 0.019978, 0.004534),
(11501, 'MD-0078-SK-II', 0.012128, 0.003785, 0.018917, 0.015861, 0.021794, 0.00421),
(11502, 'MD-0079-SK-II', 0.011259, 0.004042, 0.019363, 0.015308, 0.020886, 0.004372),
(11503, 'MD-0080-SK-II', 0.011229, 0.004042, 0.018089, 0.016101, 0.02815, 0.003077),
(11504, 'MD-0081-SK-II', 0.011556, 0.003696, 0.019566, 0.015986, 0.022702, 0.004048),
(11505, 'MD-0082-SK-II', 0.011945, 0.003835, 0.02, 0.01513, 0.017253, 0.00502),
(11506, 'MD-0083-SK-II', 0.01186, 0.003938, 0.019618, 0.015308, 0.024972, 0.003644),
(11507, 'MD-0084-SK-II', 0.011709, 0.003912, 0.019437, 0.015412, 0.018616, 0.004777),
(11508, 'MD-0085-SK-II', 0.01186, 0.003835, 0.01949, 0.015245, 0.026788, 0.00332),
(11509, 'MD-0086-SK-II', 0.01186, 0.003835, 0.020127, 0.015569, 0.024972, 0.003644),
(11510, 'MD-0087-SK-II', 0.011799, 0.003842, 0.018892, 0.015673, 0.024972, 0.003644),
(11511, 'MD-0088-SK-II', 0.011469, 0.003863, 0.019237, 0.015725, 0.029513, 0.002834),
(11512, 'MD-0089-SK-II', 0.01216, 0.003783, 0.019108, 0.015788, 0.018616, 0.004777),
(11513, 'MD-0090-SK-II', 0.012029, 0.004042, 0.020064, 0.01607, 0.02361, 0.003887),
(11514, 'MD-0091-SK-II', 0.011819, 0.003809, 0.019618, 0.016112, 0.02361, 0.003887),
(11515, 'MD-0092-SK-II', 0.012011, 0.003891, 0.01949, 0.015235, 0.017253, 0.00502),
(11516, 'MD-0093-SK-II', 0.012254, 0.003576, 0.017707, 0.015255, 0.01907, 0.004696),
(11517, 'MD-0094-SK-II', 0.010508, 0.003783, 0.019236, 0.015631, 0.020886, 0.004372),
(11518, 'MD-0095-SK-II', 0.01186, 0.003886, 0.019108, 0.015892, 0.027242, 0.003239),
(11519, 'MD-0096-SK-II', 0.012419, 0.004182, 0.021168, 0.016676, 0.019978, 0.004534),
(11520, 'MD-0097-SK-II', 0.017256, 0.028193, 0.005762, 0.022413, 0.00585, 0.034232),
(11521, 'MD-0098-SK-II', 0.013041, 0.004353, 0.021529, 0.015788, 0.029058, 0.002915),
(11522, 'MD-0099-SK-II', 0.011549, 0.004353, 0.021656, 0.016268, 0.025426, 0.003563),
(11523, 'MD-0100-SK-II', 0.01201, 0.004094, 0.020255, 0.015475, 0.032691, 0.002267),
(11524, 'MD-0101-SK-II', 0.01216, 0.003938, 0.02051, 0.015318, 0.017708, 0.004939),
(11525, 'MD-0102-SK-II', 0.011942, 0.004042, 0.020127, 0.016519, 0.032237, 0.002348),
(11526, 'MD-0103-SK-II', 0.01201, 0.004068, 0.019873, 0.015339, 0.021794, 0.00421),
(11527, 'MD-0104-SK-II', 0.0122, 0.004059, 0.019437, 0.015454, 0.014075, 0.005587),
(11528, 'MD-0105-SK-II', 0.011417, 0.003954, 0.019517, 0.015485, 0.022702, 0.004048),
(11529, 'MD-0106-SK-II', 0.011559, 0.003897, 0.01907, 0.016978, 0.022702, 0.004048),
(11530, 'MD-0107-SK-II', 0.012272, 0.00393, 0.019405, 0.015297, 0.022702, 0.004048),
(11531, 'MD-0108-SK-II', 0.011289, 0.00384, 0.019237, 0.015884, 0.024972, 0.003644),
(11532, 'MD-0109-SK-II', 0.013211, 0.003861, 0.019108, 0.0156, 0.021794, 0.00421),
(11533, 'MD-0110-SK-II', 0.017103, 0.028493, 0.005864, 0.022612, 0.006862, 0.027814),
(11534, 'MD-0111-SK-II', 0.011732, 0.003824, 0.019236, 0.015579, 0.026788, 0.00332),
(11535, 'MD-0112-SK-II', 0.011917, 0.003861, 0.019554, 0.015872, 0.035415, 0.001781),
(11536, 'MD-0113-SK-II', 0.012514, 0.003945, 0.019926, 0.015308, 0.026788, 0.00332),
(11537, 'MD-0114-SK-II', 0.011478, 0.004089, 0.02051, 0.015475, 0.02361, 0.003887),
(11538, 'MD-0115-SK-II', 0.011262, 0.003925, 0.019239, 0.015924, 0.022702, 0.004048),
(11539, 'MD-0116-SK-II', 0.01216, 0.003938, 0.019862, 0.015746, 0.022702, 0.004048),
(11540, 'MD-0117-SK-II', 0.012029, 0.004055, 0.020605, 0.015517, 0.015891, 0.005263),
(11541, 'MD-0118-SK-II', 0.011712, 0.003904, 0.019364, 0.015548, 0.022702, 0.004048),
(11542, 'MD-0119-SK-II', 0.016102, 0.028874, 0.005787, 0.022581, 0.005625, 0.035658),
(11543, 'MD-0120-SK-II', 0.011839, 0.004068, 0.018386, 0.015245, 0.014983, 0.005425),
(11544, 'MD-0121-SK-II', 0.010659, 0.003731, 0.018476, 0.015402, 0.022702, 0.004048),
(11545, 'MD-0122-SK-II', 0.010854, 0.003691, 0.018387, 0.015892, 0.02361, 0.003887),
(11546, 'MD-0123-SK-II', 0.012362, 0.003934, 0.020127, 0.015245, 0.02588, 0.003482),
(11547, 'MD-0124-SK-II', 0.01231, 0.004213, 0.020987, 0.016414, 0.022702, 0.004048),
(11548, 'MD-0125-SK-II', 0.01291, 0.004146, 0.020382, 0.015381, 0.02134, 0.004291),
(11549, 'MD-0126-SK-II', 0.011772, 0.003964, 0.019618, 0.015485, 0.028604, 0.003077),
(11550, 'MD-0127-SK-II', 0.011699, 0.004027, 0.019798, 0.015443, 0.022702, 0.004048),
(11551, 'MD-0128-SK-II', 0.011899, 0.003936, 0.019809, 0.015684, 0.02361, 0.003887),
(11552, 'MD-0129-SK-II', 0.012598, 0.003925, 0.020425, 0.015809, 0.02361, 0.003887),
(11553, 'MD-0130-SK-II', 0.012442, 0.00388, 0.020053, 0.015631, 0.02134, 0.004291),
(11554, 'MD-0131-SK-II', 0.01186, 0.003809, 0.018981, 0.016926, 0.015891, 0.005263),
(11555, 'MD-0132-SK-II', 0.017781, 0.029645, 0.005968, 0.022505, 0.004837, 0.040651),
(11556, 'MD-0133-SK-II', 0.011259, 0.004327, 0.021401, 0.015151, 0.026334, 0.003401),
(11557, 'MD-0134-SK-II', 0.012409, 0.004193, 0.020934, 0.015757, 0.022702, 0.004048),
(11558, 'MD-0135-SK-II', 0.011963, 0.003938, 0.019596, 0.015945, 0.032691, 0.002267),
(11559, 'MD-0136-SK-II', 0.01136, 0.003986, 0.019817, 0.015412, 0.020432, 0.004453),
(11560, 'MD-0137-SK-II', 0.011709, 0.004033, 0.019809, 0.015329, 0.037685, 0.001376),
(11561, 'MD-0138-SK-II', 0.012043, 0.004128, 0.021603, 0.017406, 0.027696, 0.003158),
(11562, 'MD-0139-SK-II', 0.012002, 0.003934, 0.019607, 0.016592, 0.022702, 0.004048),
(11563, 'MD-0140-SK-II', 0.012389, 0.003923, 0.019681, 0.017271, 0.020886, 0.004372),
(11564, 'MD-0141-SK-II', 0.012059, 0.003889, 0.019669, 0.017031, 0.02815, 0.003077),
(11565, 'MD-0142-SK-II', 0.012041, 0.004146, 0.020679, 0.015517, 0.022702, 0.004048),
(11566, 'MD-0143-SK-II', 0.012409, 0.00418, 0.021284, 0.015725, 0.022702, 0.004048),
(11567, 'MD-0144-SK-II', 0.017006, 0.027763, 0.00565, 0.02252, 0.005625, 0.035658),
(11568, 'MD-0145-SK-II', 0.011259, 0.00399, 0.019745, 0.015349, 0.027696, 0.003158),
(11569, 'MD-0146-SK-II', 0.01201, 0.003992, 0.019427, 0.015558, 0.022702, 0.004048),
(11570, 'MD-0147-SK-II', 0.011709, 0.004146, 0.019618, 0.015652, 0.022702, 0.004048),
(11571, 'MD-0148-SK-II', 0.01182, 0.003873, 0.019543, 0.016133, 0.02815, 0.003077),
(11572, 'MD-0149-SK-II', 0.01276, 0.004407, 0.020605, 0.016049, 0.025426, 0.003563),
(11573, 'MD-0150-SK-II', 0.012179, 0.004184, 0.020764, 0.015297, 0.02361, 0.003887),
(11574, 'MD-0151-SK-II', 0.012266, 0.003945, 0.019947, 0.015454, 0.025426, 0.003563),
(11575, 'MD-0152-SK-II', 0.012179, 0.004126, 0.020478, 0.016331, 0.028604, 0.002996),
(11576, 'MD-0153-SK-II', 0.011902, 0.004008, 0.020004, 0.015402, 0.022702, 0.004048),
(11577, 'MD-0154-SK-II', 0.01211, 0.004057, 0.020255, 0.015778, 0.022702, 0.004048),
(11578, 'MD-0155-SK-II', 0.011996, 0.00385, 0.019885, 0.015861, 0.024972, 0.003644),
(11579, 'MD-0156-SK-II', 0.011927, 0.00385, 0.018439, 0.015506, 0.022702, 0.004048),
(11580, 'MD-0157-SK-II', 0.01249, 0.003878, 0.020976, 0.015339, 0.025426, 0.003563),
(11581, 'MD-0158-SK-II', 0.012149, 0.004059, 0.019989, 0.015412, 0.028604, 0.003077),
(11582, 'MD-0159-SK-II', 0.01276, 0.004314, 0.020456, 0.01583, 0.022702, 0.004048),
(11583, 'MD-0160-SK-II', 0.01237, 0.004117, 0.021401, 0.015955, 0.029058, 0.002915),
(11584, 'MD-0161-SK-II', 0.01186, 0.003865, 0.019278, 0.016383, 0.022702, 0.004048),
(11585, 'MD-0162-SK-II', 0.01136, 0.003863, 0.019331, 0.015423, 0.022702, 0.004048),
(11586, 'MD-0163-SK-II', 0.013241, 0.003866, 0.019643, 0.01536, 0.024972, 0.003644),
(11587, 'MD-0164-SK-II', 0.012059, 0.004114, 0.020641, 0.015934, 0.022702, 0.004048),
(11588, 'MD-0165-SK-II', 0.012178, 0.004109, 0.019724, 0.015778, 0.029058, 0.002915),
(11589, 'MD-0166-SK-II', 0.01237, 0.004167, 0.021019, 0.016431, 0.01907, 0.004696),
(11590, 'MD-0167-SK-II', 0.01816, 0.031325, 0.006421, 0.024121, 0.003937, 0.046356),
(11591, 'MD-0168-SK-II', 0.017956, 0.031496, 0.005928, 0.022276, 0.004275, 0.044216),
(11592, 'MD-0169-SK-II', 0.017207, 0.030423, 0.005806, 0.024579, 0.0072, 0.025674),
(11593, 'MD-0170-SK-II', 0.0176, 0.02851, 0.005806, 0.023847, 0.006525, 0.029953),
(11594, 'MD-0171-SK-II', 0.017, 0.027467, 0.005407, 0.023984, 0.004612, 0.042077),
(11595, 'MD-0172-SK-II', 0.017781, 0.029941, 0.006087, 0.015781, 0.004837, 0.040651),
(11596, 'MD-0173-SK-II', 0.017898, 0.030812, 0.00591, 0.023466, 0.003825, 0.047069),
(11597, 'MD-0174-SK-II', 0.018108, 0.028431, 0.005999, 0.024136, 0.0045, 0.04279),
(11598, 'MD-0175-SK-II', 0.018154, 0.028852, 0.005689, 0.023237, 0.006187, 0.032093),
(11599, 'MD-0176-SK-II', 0.01788, 0.028432, 0.005708, 0.023999, 0.005062, 0.039224),
(11600, 'MD-0177-SK-II', 0.017006, 0.030031, 0.005762, 0.023664, 0.005625, 0.035658),
(11601, 'MD-0178-SK-II', 0.01768, 0.031123, 0.006146, 0.024438, 0.004275, 0.044216),
(11602, 'MD-0179-SK-II', 0.017818, 0.028992, 0.006094, 0.022291, 0.006075, 0.032806),
(11603, 'MD-0180-SK-II', 0.017992, 0.028385, 0.005696, 0.023405, 0.003712, 0.047782),
(11604, 'MD-0181-SK-II', 0.018083, 0.031263, 0.006012, 0.024045, 0.007875, 0.021395),
(11605, 'MD-0182-SK-II', 0.017049, 0.02924, 0.005741, 0.023008, 0.005625, 0.035658),
(11606, 'MD-0183-SK-II', 0.017824, 0.029645, 0.005968, 0.024152, 0.005625, 0.035658),
(11607, 'MD-0184-SK-II', 0.016899, 0.027866, 0.00565, 0.023761, 0.005625, 0.035658),
(11608, 'MD-0185-SK-II', 0.018728, 0.031636, 0.006335, 0.023892, 0.005962, 0.033519),
(11609, 'MD-0186-SK-II', 0.017796, 0.028478, 0.005637, 0.023252, 0.005962, 0.033519),
(11610, 'MD-0187-SK-II', 0.017706, 0.028417, 0.005971, 0.024286, 0.0054, 0.037085),
(11611, 'MD-0188-SK-II', 0.017346, 0.028245, 0.005558, 0.023023, 0.00675, 0.028527),
(11612, 'MD-0189-SK-II', 0.017753, 0.030127, 0.005861, 0.023908, 0.006637, 0.02924),
(11613, 'MD-0190-SK-II', 0.017669, 0.02868, 0.005757, 0.023725, 0.0054, 0.037085),
(11614, 'MD-0191-SK-II', 0.017437, 0.029714, 0.005729, 0.023679, 0.006975, 0.0271),
(11615, 'MD-0192-SK-II', 0.017887, 0.031247, 0.006225, 0.023313, 0.006187, 0.032093),
(11616, 'MD-0193-SK-II', 0.017859, 0.02837, 0.00568, 0.024591, 0.0045, 0.04279),
(11617, 'MD-0194-SK-II', 0.017437, 0.029723, 0.005643, 0.024685, 0.00495, 0.039937),
(11618, 'MD-0195-SK-II', 0.018322, 0.028852, 0.006045, 0.023481, 0.007762, 0.022108),
(11619, 'MD-0196-SK-II', 0.017377, 0.028183, 0.005762, 0.023572, 0.005625, 0.035658),
(11620, 'MD-0197-SK-II', 0.017463, 0.02809, 0.005681, 0.023542, 0.005175, 0.038511),
(11621, 'MD-0198-SK-II', 0.018126, 0.031138, 0.006087, 0.024591, 0.008775, 0.01569),
(11622, 'MD-0199-SK-II', 0.017997, 0.02935, 0.006173, 0.024685, 0.00495, 0.039937),
(11623, 'MD-0200-SK-II', 0.017876, 0.02935, 0.005968, 0.023481, 0.00585, 0.034232),
(11624, 'MD-0201-SK-II', 0.018599, 0.03131, 0.006354, 0.023572, 0.005962, 0.033519),
(11625, 'MD-0202-SK-II', 0.017751, 0.030718, 0.006017, 0.023542, 0.0072, 0.025674),
(11626, 'MD-0203-SK-II', 0.018408, 0.031278, 0.006283, 0.024243, 0.005175, 0.038511),
(11627, 'MD-0204-SK-II', 0.017895, 0.029645, 0.006173, 0.023328, 0.007537, 0.023535),
(11628, 'MD-0205-SK-II', 0.017906, 0.028634, 0.005794, 0.023328, 0.006637, 0.02924),
(11629, 'MD-0206-SK-II', 0.017867, 0.031013, 0.005904, 0.023923, 0.003712, 0.047782),
(11630, 'MD-0207-SK-II', 0.017112, 0.028183, 0.005659, 0.023145, 0.004725, 0.041364),
(11631, 'MD-0208-SK-II', 0.018147, 0.028991, 0.005992, 0.024136, 0.006412, 0.030666),
(11632, 'MD-0209-SK-II', 0.016851, 0.027717, 0.00564, 0.025753, 0.005625, 0.035658),
(11633, 'MD-0210-SK-II', 0.018812, 0.030453, 0.006008, 0.023862, 0.005625, 0.035658),
(11634, 'MD-0211-SK-II', 0.011649, 0.003942, 0.019498, 0.016383, 0.026788, 0.00332),
(11635, 'MD-0212-SK-II', 0.018279, 0.029781, 0.005876, 0.024533, 0.0063, 0.031379),
(11636, 'MD-0213-SK-II', 0.019135, 0.03005, 0.005916, 0.024045, 0.004387, 0.043503),
(11637, 'MD-0214-SK-II', 0.017613, 0.030703, 0.005865, 0.023557, 0.009112, 0.01355),
(11638, 'MD-0215-SK-II', 0.017047, 0.027866, 0.005508, 0.023237, 0.006862, 0.027814),
(11639, 'MD-0216-SK-II', 0.017874, 0.028338, 0.005655, 0.023633, 0.004837, 0.040651),
(11640, 'MD-0217-SK-II', 0.017532, 0.02854, 0.005714, 0.023572, 0.005287, 0.037798),
(11641, 'MD-0218-SK-II', 0.017222, 0.028743, 0.005806, 0.021209, 0.005625, 0.035658),
(11642, 'MD-0219-SK-II', 0.01751, 0.028525, 0.0058, 0.025814, 0.004837, 0.040651),
(11643, 'MD-0220-SK-II', 0.018068, 0.031076, 0.006045, 0.023039, 0.00585, 0.034232),
(11644, 'MD-0221-SK-II', 0.017672, 0.03145, 0.006001, 0.024536, 0.006075, 0.032806),
(11645, 'MD-0222-SK-II', 0.017966, 0.030159, 0.006087, 0.023145, 0.006862, 0.027814),
(11646, 'MD-0223-SK-II', 0.017422, 0.029411, 0.005916, 0.022932, 0.0045, 0.04279),
(11647, 'MD-0224-SK-II', 0.017867, 0.031263, 0.00602, 0.023563, 0.00585, 0.034232),
(11648, 'MD-0225-SK-II', 0.01824, 0.030252, 0.006262, 0.023563, 0.005625, 0.035658),
(11649, 'MD-0226-SK-II', 0.018565, 0.031434, 0.006375, 0.023761, 0.006412, 0.030666),
(11650, 'MD-0227-SK-II', 0.017527, 0.02809, 0.005778, 0.024423, 0.005287, 0.037798),
(11651, 'MD-0228-SK-II', 0.017594, 0.029613, 0.006069, 0.023871, 0.006637, 0.02924),
(11652, 'MD-0229-SK-II', 0.017594, 0.029676, 0.006173, 0.024362, 0.00675, 0.028527),
(11653, 'MD-0230-SK-II', 0.017011, 0.02812, 0.005705, 0.023871, 0.00585, 0.034232),
(11654, 'MD-0231-SK-II', 0.017163, 0.028986, 0.005817, 0.021209, 0.005062, 0.039224);

-- --------------------------------------------------------

--
-- Struktur dari tabel `pangkat_kriteria`
--

CREATE TABLE `pangkat_kriteria` (
  `id_pangkat` int(11) NOT NULL,
  `C1` double NOT NULL,
  `C2` double NOT NULL,
  `C3` double NOT NULL,
  `C4` double NOT NULL,
  `C5` double NOT NULL,
  `C6` double NOT NULL
) ENGINE=InnoDB DEFAULT CHARSET=latin1;

-- --------------------------------------------------------

--
-- Struktur dari tabel `peserta`
--

CREATE TABLE `peserta` (
  `No_Pendaftaran` varchar(20) NOT NULL,
  `Email` varchar(50) NOT NULL,
  `Password` varchar(15) NOT NULL,
  `NISN` varchar(20) NOT NULL,
  `Id_Jurusan` int(11) NOT NULL,
  `Nama` varchar(50) NOT NULL,
  `Jenis_Kelamin` varchar(1) NOT NULL,
  `Tanggal_Lahir` date NOT NULL,
  `Alamat` varchar(250) DEFAULT NULL,
  `Asal_Sekolah` varchar(30) DEFAULT NULL,
  `Nilai_UN` double NOT NULL,
  `Nilai_Akhir` double DEFAULT NULL,
  `Ranking` int(11) DEFAULT NULL
) ENGINE=InnoDB DEFAULT CHARSET=latin1;

--
-- Dumping data untuk tabel `peserta`
--

INSERT INTO `peserta` (`No_Pendaftaran`, `Email`, `Password`, `NISN`, `Id_Jurusan`, `Nama`, `Jenis_Kelamin`, `Tanggal_Lahir`, `Alamat`, `Asal_Sekolah`, `Nilai_UN`, `Nilai_Akhir`, `Ranking`) VALUES
('MD-0001-SK-II', 'abdullahsibungsu@gmail.com', '1234', '0052801212', 1, 'ABDULLAH', 'L', '2005-08-20', 'SUKANEGARA', 'SMP 1 NEGERI MADANG SUKU II', 77.85, 0.290168, NULL),
('MD-0002-SK-II', 'Wajahkomring @ com', '1234', '0041415604', 2, 'AHMAD HIDAYANSYAH', 'L', '2004-01-04', 'KERTANEGARA', 'SMP 1 NEGERI MADANG SUKU II', 79.53, 0.378142, NULL),
('MD-0003-SK-II', 'Isnalia airin sapitri@gmail.com', '1234', '0065718099', 2, 'AIRIN SAPITRI ISNALIA', 'P', '2006-05-01', 'TALANG GIRING', 'SMP NEGERI 1 MADANG SUKU ||', 78.73, 0.265071, NULL),
('MD-0004-SK-II', 'ajiilhamakbarsiburian@gmail.com', '1234', '0067883213', 2, 'AJI ILHAM AKBAR SIBURIAN', 'L', '2006-05-17', 'DESA SURABAYA', 'SMP NEGERI 2 MADANG SUKU 3', 81.7, 0.507405, NULL),
('MD-0005-SK-II', 'alifnurrohim21@gmail.com', '1234', '0065893640', 2, 'ALIF NUR ROHIM', 'L', '2006-03-19', 'PANDAN AGUNG', 'MTSN OKU TIMUR II', 70, 0.494185, NULL),
('MD-0006-SK-II', 'wahyudiangkut9@gmail.com', '1234', '0063097791', 2, 'ANGKUT WAHYUDI', 'L', '2006-07-03', 'RIANG BANDUNG', 'SMP N 1 BUAY PEMBUKA BANGSA RA', 79, 0.269271, NULL),
('MD-0007-SK-II', 'Armi Suhanja anja@gmail.com', '1234', '0051692873', 2, 'ARMI SUHANJA', 'L', '2005-10-15', 'SUKA NEGARA', 'SMP NEGERI 1 MADANG SUKU 2', 78.48, 0.279258, NULL),
('MD-0008-SK-II', 'bariamrullah@gmail.com', '1234', '0056867219', 2, 'BARI AMRULLAH', 'L', '2005-11-23', 'JL LINTAS RAYA KOMERING', 'SMP NEGERI 1 MADANG SUKU 2', 72.5, 0.397775, NULL),
('MD-0009-SK-II', 'saputraganta447@gmail.com', '1234', '0056557458', 1, 'GANTA SAPUTRA', 'L', '2005-04-11', 'PANDAN AGUNG', 'SMP N 1 MADANG SUKU 2', 80.6, 0.710702, NULL),
('MD-0010-SK-II', 'han226110@gmail.com', '1234', '0051247221', 2, 'HANDOKO', 'L', '2021-10-20', 'RASUAN BARU', 'SMP 1 NEGERI MADANG SUKU II', 81.19, 0.288501, NULL),
('MD-0011-SK-II', 'putrahendri900@gmail.com', '1234', '0061062078', 2, 'HENDRI', 'L', '2006-02-08', 'RIANG BANDUNG', 'SMP1 MADANG SUKU LL', 79, 0.559649, NULL),
('MD-0012-SK-II', 'saputrahengki945@gmail.com', '1234', '0053607926', 2, 'HENGKI SAPUTRA', 'L', '2005-09-09', 'DADIMULYO', 'SMP NEGERI 1 MADANG SUKU 2', 81, 0.255621, NULL),
('MD-0013-SK-II', 'ikaapriliaa44@gmail.com', '1234', '0061745872', 2, 'IKA APRILIA DAMAYANTI', 'P', '2006-04-04', 'PANDAN AGUNG', 'SMP NEGERI 2 SUKARAJA', 87, 0.405871, NULL),
('MD-0014-SK-II', 'kaanggrae@gmail.com', '1234', '0056709577', 2, 'JENITA DWI ANGGRAENI', 'P', '2005-06-09', 'MARGOTANI 1', 'SMP NEGRI 99 JAKARTA', 83.7, 0.420858, NULL),
('MD-0015-SK-II', '', '1234', '0061604087', 2, 'KIKI REJEKI AMELIA', 'P', '2006-07-16', 'SUKA NEGARA', 'MTS N 3 OKU TIMUR', 82.06, 0.466432, NULL),
('MD-0016-SK-II', 'laurafrensiska432@gmail.com', '1234', '0066482752', 2, 'LAURA FRENSISKA', 'P', '2006-05-22', 'KOTA NEGARA TIMUR', 'MTS N 3 OKU TIMUR', 80.13, 0.530714, NULL),
('MD-0017-SK-II', 'Leokiadi1@gmail.com ', '1234', '0067123662', 2, 'LEO KIADI ', 'L', '2022-06-04', 'SUKANEGARA ', 'SMP 1 MADANG SUKU LL', 72, 0.359233, NULL),
('MD-0018-SK-II', 'Mahesa 2001', '1234', '0019004283', 2, 'M ADITYA', 'L', '2005-09-17', 'PANDAN AGUNG', 'SMP N 1 MADANG SUKU 2', 79.05, 0.684146, NULL),
('MD-0019-SK-II', 'mnikifartawijaya@gmail.com', '1234', '0069106420', 2, 'M.NIKI FARTA WIJAYA', 'L', '2006-07-24', 'SRIMULYO/TAPUS', 'SMP 1 MADANG SUKU 2', 75, 0.29662, NULL),
('MD-0020-SK-II', 'maskurkta@gmail.com', '1234', '0068872208', 2, 'MASKUR', 'L', '2006-01-09', 'KOTA NEGARA', 'MTS N 3 OKU TIMUR', 78.8, 0.354565, NULL),
('MD-0021-SK-II', 'meishizasfia@gmail.com', '1234', '0063613197', 2, 'MEISHI ZASFIA', 'P', '2006-05-16', 'SUKANEGARA', 'SMP NEGERI 1 MADANG SUKU II', 82.45, 0.512619, NULL),
('MD-0022-SK-II', 'meta6233@gmail.com', '1234', '0061466654', 2, 'META ELISA', 'P', '2006-03-12', 'TALANG GIRING', 'SMPN 1 BUAY PEMUKA PELIUNG', 79.1, 0.409476, NULL),
('MD-0023-SK-II', 'margaretamona444@gmail.com', '1234', '0063044110', 2, 'MONA MARGARETA', 'P', '2006-07-05', 'SRIMULYO TAPUS', 'SMP N 1 MADANG SUKU LL', 80.05, 0.21456, NULL),
('MD-0024-SK-II', 'moniccacinta@gmail.com', '1234', '0064961718', 2, 'MONICCA', 'P', '2006-02-22', 'KERTANEGARA', 'SMP 1 MADANG SUKU II', 82.56, 0.384689, NULL),
('MD-0025-SK-II', 'altyasaltrik@gmail.com', '1234', '0062854380', 2, 'MUHAMMAD ALTERIK PRAMUDYA', 'L', '2006-06-27', 'SUKANEGARA', 'SMP NEGERI 1 MADANG SUKU 2', 80.78, 0.719713, NULL),
('MD-0026-SK-II', 'ainghacker6@gmail.com', '1234', '0062739652', 2, 'MUHAMMAD SAUDI SAPUTRA', 'L', '2006-09-06', 'KOTA NEGARA TIMUR', 'MTS NEGRI 3 OKU TIMUR', 78.73, 0.585786, NULL),
('MD-0027-SK-II', 'Pw6255369@gmail.com', '1234', '0058889337', 2, 'PUTRI SRI WAHYUNI', 'P', '2005-11-25', 'AGUNG JATI', 'SMPN 3 MADANG SUKU 1', 79, 0.542601, NULL),
('MD-0028-SK-II', 'tamrinerna86@gmail.com', '1234', '0057232052', 2, 'RATNA SARI', 'P', '2005-02-21', 'RASUAN BARU', 'MTS N 3 UKU TIMUR', 80.06, 0.420393, NULL),
('MD-0029-SK-II', 'ris240079@gmail', '1234', '0067097505', 2, 'RISKA', 'P', '2006-06-27', 'SUKANEGARA', 'SMP NEGERI 1 MADANG SUKU LL', 80.08, 0.463689, NULL),
('MD-0030-SK-II', 'asepjomakomring@gmail.com', '1234', '0065164712', 2, 'SEPTIYAWAN', 'L', '2006-09-17', 'KOTA NEGARA TIMUR', 'MTS N 3 OKU TIMUR', 78, 0.511978, NULL),
('MD-0031-SK-II', 'serpiramadhona@gmail.com', '1234', '0068578378', 2, 'SERPI RAMADHONA', 'P', '2006-10-06', 'PANDAN AGUNG', 'MTSN 3OKU TIMUR', 80.06, 0.585275, NULL),
('MD-0032-SK-II', 'shintapramodya94@gmail.com', '1234', '0053178386', 2, 'SHINTA PRAMODYA', 'P', '2022-09-02', 'RIANG VANDUNG ILIR', 'SMA NEGERI 1 MADANG SUKU 2 ', 79.73, 0.338983, NULL),
('MD-0033-SK-II', 'suci21407@gmail.com', '1234', '0051692107', 2, 'SUCI', 'P', '2005-10-09', 'PANDAN AGUNG', 'MTS N 3 OGAN KOMERING ULU TIMU', 80.26, 0.576313, NULL),
('MD-0034-SK-II', '', '1234', '0062473227', 2, 'SUSILO HADI PRAYOGO', 'L', '2006-07-14', 'TRIDADI', 'MTS N 3OKU TIMUR', 73.73, 0.517183, NULL),
('MD-0035-SK-II', 'aditiaberen3@gmail.com', '1234', '0065093947', 2, 'ADITIYA', 'L', '2006-05-08', 'RIANG BANDUNG', 'SMP NEGERI 1 BUAY PEMBUKA BANG', 80.3, 0.421343, NULL),
('MD-0036-SK-II', 'agungsuryad828@gmail.com', '1234', '0054295565', 2, 'AGUNG SURYA DINATA', 'L', '2005-06-23', 'JL LINTAS RAYA KOMERING', 'SMP 1 NEGERI MADANG SUKU II', 73.45, 0.397775, NULL),
('MD-0037-SK-II', 'ahmadriadi000000@gmail.com', '1234', '0061288967', 2, 'AHMAD RIADI', 'L', '2006-09-19', 'CINTA NEGARA', 'SMP 1 NEGERI MADANG SUKU II', 79.06, 0.413166, NULL),
('MD-0038-SK-II', 'ahmadringga075@gmail.com', '1234', '0067191760', 2, 'AHMAD RINGGA PRATAMA', 'L', '2006-08-25', 'SUKA NEGARA', 'SMP NEGERI 1 MADANG SUKU 2', 79.43, 0.411607, NULL),
('MD-0039-SK-II', 'Aldinata2222@gmail.com', '1234', '0065188394', 2, 'ALDI NATA', 'L', '2022-03-21', 'KERTA NEGARA', 'SMP NEGERI 1 MADANG SUKU 2', 78, 0.400493, NULL),
('MD-0040-SK-II', 'trisnawatianis260@gmail.com', '1234', '0061502031', 2, 'ANIS TRISNAWATI', 'P', '2006-06-13', 'TRIDADI', 'MTS NEGERI 3 OKU TIMUR', 81.73, 0.307814, NULL),
('MD-0041-SK-II', '', '1234', '0067940997', 2, 'ANTON', 'L', '2006-06-23', 'TALANG GIRING', 'SMPN 1 MADANG SUKU DUA', 70, 0.400493, NULL),
('MD-0042-SK-II', 'drisusila@gmail.com', '1234', '0051691996', 2, 'DRI SUSILA', 'P', '2022-03-31', 'RIANG BANDUNG ILIR', 'SMP NEGERI 1 MADANG SUKU 11', 88, 0.48321, NULL),
('MD-0043-SK-II', 'Erwansarumpi030306@gmail.com', '1234', '0066141543', 2, 'ERWAN SARUMPI', 'L', '2006-03-03', 'KOTANEGARA', 'MTSN 3 OKU TIMUR', 80, 0.508886, NULL),
('MD-0044-SK-II', 'feriery777@gmail.com', '1234', '0063514787', 2, 'FERI ANGGARA', 'L', '2006-02-01', 'KOTA NEGARA TIMUR', 'MTSN 3 OKU  TIMUR', 70.44, 0.599266, NULL),
('MD-0045-SK-II', '', '1234', '0065592917', 1, 'HENGKI SAPUTRA', 'L', '2006-02-14', 'JL LINTAS RAYA KOMERING', 'SMP 1 NEGERI MADANG SUKU II', 72.67, 0.626755, NULL),
('MD-0046-SK-II', '', '1234', '0051692101', 2, 'HERWANSYAH', 'L', '2005-03-15', 'JL LINTAS RAYA KOMERING', 'SMP 1 NEGERI MADANG SUKU II', 71, 0.390263, NULL),
('MD-0047-SK-II', 'ikamerisa05@gmail.com', '1234', '0065491141', 2, 'IKA MERISA', 'P', '2006-05-13', 'SUKA NEGARA', 'SMP NEGERI 1 MADANG SUKU 2', 78.89, 0.405293, NULL),
('MD-0048-SK-II', 'matkuncung874@gmail.com', '1234', '0065674168', 2, 'JEFRIANSAH', 'L', '2006-01-31', 'JL LINTAS RAYA KOMERING', 'SMP NEGERI 1 MADANG SUKU 2', 72.34, 0.393357, NULL),
('MD-0049-SK-II', '', '1234', '0059524257', 2, 'JULI YANTO', 'L', '2005-07-17', 'JL LINTAS RAYA KOMERING', 'SMP NEGERI 1 MADANG SUKU 2', 74.35, 0.403603, NULL),
('MD-0050-SK-II', 'kariyaseh652@gmail.com', '1234', '0056640131', 2, 'KARIYASEH', 'P', '2005-08-10', 'MARGOTANI', 'SMPN 2 MADANG SUKU 2', 80.3, 0.408109, NULL),
('MD-0051-SK-II', 'rasuan@gmail.com', '1234', '0051979621', 2, 'LEKOK', 'L', '2022-02-02', 'RASUAN BARU', 'SMP 1 NEGERI MADANG SUKU II', 60, 0.390205, NULL),
('MD-0052-SK-II', '', '1234', '0045174182', 2, 'MIFTA NURJANAH', 'P', '2004-12-25', 'JALAN DESA BANYU URIP', 'SMP NEGERI 01 BUAY PEMUJA BANG', 78.4, 0.412644, NULL),
('MD-0053-SK-II', 'Fitrinania 622@gmail.com', '1234', '0057128337', 2, 'NANIA NAFILIA FITRI ANI', 'P', '2005-06-10', 'TRIDADI', 'MTS NEGERI 3 OKU TIMUR', 80.8, 0.386977, NULL),
('MD-0054-SK-II', 'Niasuzana@gmail.com ', '1234', '0066826781', 2, 'NIA SUZANA ', 'P', '2006-05-26', 'KOTANEGARA ', 'MTS NEGRI 03 OKU TIMUR', 80.6, 0.418315, NULL),
('MD-0055-SK-II', '', '1234', '0041710860', 2, 'NOPIA', 'P', '2004-03-24', 'JL LINTAS RAYA KOMERING', 'MTS NEGRI 03 OKU TIMUR', 80.5, 0.418315, NULL),
('MD-0056-SK-II', 'Leni Kotim', '1234', '0059902827', 2, 'NURYANA DEWI', 'P', '2005-06-20', 'KOTA NEGARA', 'MTS N 03 OKU TIMUR', 80, 0.410039, NULL),
('MD-0057-SK-II', 'ameliaaputri777@gmail.com', '1234', '0064338973', 2, 'PUTRI AMELIA ', 'P', '2022-01-20', 'RIANG BANDUNG ', 'SMP NEGERI 01 BUAY PEMUJA BANG', 80, 0.404795, NULL),
('MD-0058-SK-II', 'putryb625@gmail.com', '1234', '0062776635', 2, 'PUTRI BERLIANA', 'P', '2006-06-17', 'SRIKENCANA', 'MTS N 03 OKU TIMUR', 82.33, 0.298222, NULL),
('MD-0059-SK-II', 'rahmasyakila18@gmail.com', '1234', '0064647768', 2, 'RAHMA SYAKILA', 'P', '2006-04-18', 'SUKANEGARA', 'SMP NEGRI 1 MADANG SUKU II', 80.64, 0.40952, NULL),
('MD-0060-SK-II', 'rendigatiosaputra6@gmail.com', '1234', '0067825136', 2, 'RENDIGA TIO SAPUTRA', 'L', '2006-01-12', 'SUKANEGARA', 'SMP NEGERI 1 MADANG SUKU II', 81.45, 0.460515, NULL),
('MD-0061-SK-II', 'Roziahziah747@gmail.com', '1234', '0067502167', 2, 'ROZIAH', 'P', '2006-02-02', 'KOTA-NEGARA TIMUR', 'MTS N 3 OGAN KOMERING ULU TIMU', 81.73, 0.319397, NULL),
('MD-0062-SK-II', 'sahrialfajri1309@gmail.com', '1234', '0052050052', 2, 'SAHRIAL PAJRI', 'L', '2005-09-13', 'RASUAN BARU', 'SMP NEGRI 1 MADANG SUKU2', 80, 0.418299, NULL),
('MD-0063-SK-II', 'sartika042106@gmail.com', '1234', '0058723925', 2, 'SARTIKA', 'P', '2006-04-21', 'SUKA NEGARA', 'SMP I MADANG SUKU II', 82, 0.44919, NULL),
('MD-0064-SK-II', 'selpiy066@gmail.com', '1234', '0069956936', 2, 'SELPIYANI', 'P', '2006-06-01', 'TRIDADI', 'MTS NEGERI 3 OKU TIMUR', 80.6, 0.330527, NULL),
('MD-0065-SK-II', '', '1234', '0054772795', 2, 'TEGAR', 'L', '2005-05-22', 'JL LINTAS RAYA KOMERING', 'SMP NEGERI 1 MADANG SUKU II', 74.03, 0.399876, NULL),
('MD-0066-SK-II', 'tikawulandaritika123@gmail.com', '1234', '0052884313', 2, 'TIKA WULANDARI', 'P', '2005-09-14', 'SUKANEGARA', 'SMP NEGERI 1 MADANG SUKU II', 79.53, 0.407436, NULL),
('MD-0067-SK-II', '', '1234', '0066661311', 2, 'WAHYU ANGGORO', 'L', '2006-12-07', 'JL LINTAS RAYA KOMERING', 'SMP NEGERI 1 MADANG SUKU II', 77.5, 0.408972, NULL),
('MD-0068-SK-II', '', '1234', '0051378628', 2, 'WAHYU ILHAMI FIKRI', 'L', '2005-05-16', 'JL LINTAS RAYA KOMERING', 'MTS NEGRI 03 OKU TIMUR', 74.78, 0.404708, NULL),
('MD-0069-SK-II', 'windiyati346@gmail.com', '1234', '0051692879', 2, 'WINDY YATI', 'P', '2005-06-23', 'SUKA NEGARA', 'SMP NEGERI 1 MADANG SUKU 2', 80.42, 0.408453, NULL),
('MD-0070-SK-II', 'Yoga23978@gmail.com', '1234', '0066594250', 2, 'YOGA PRATAMA', 'L', '2006-04-24', 'PANDAN AGUNG', 'MTS NEGRI 03 OKU TIMUR', 79.06, 0.35882, NULL),
('MD-0071-SK-II', 'usmanjali492@gmail.com', '1234', '0055104876', 2, 'AHMAD GHOZALI USMAN', 'L', '2005-07-05', 'DESA. SRIMULYO', 'SMP N 1 MADANG SUKU 2', 79, 0.62806, NULL),
('MD-0072-SK-II', 'alinuddin20@gmail.com', '1234', '0052340795', 2, 'ALI MUDDIN', 'L', '2005-04-10', 'SRI BUNGA', 'SMP N 1 BUAY PEMUKA BANGSA RAJ', 81.09, 0.392833, NULL),
('MD-0073-SK-II', 'apriangeming@gmail.com', '1234', '0061376834', 2, 'APRIAN', 'L', '2006-09-04', 'KOTA NEGARA TIMUR', 'MTSN 3 OKU TIMUR', 80, 0.409018, NULL),
('MD-0074-SK-II', '', '1234', '0031235353', 2, 'AREYA NADA', 'L', '2023-01-23', 'CINTA NEGARA', 'SMP 1 NEGERI MADANG SUKU 2', 72.79, 0.494765, NULL),
('MD-0075-SK-II', 'dedisaputracomsu@gmail.com', '1234', '0065464198', 2, 'DEDI SAPUTRA', 'L', '2006-03-29', 'SURABAYA', 'SMP NEGERI 3 MADANG SUKU 1', 74.56, 0.482708, NULL),
('MD-0076-SK-II', 'emamarista54@gmail.com', '1234', '0069163296', 2, 'EMA MARESTA', 'P', '2007-03-08', 'KOTA NEGARA TIMUR', 'MTSN 3 OKU TIMUR', 80.73, 0.326982, NULL),
('MD-0077-SK-II', 'eparosalina48@gmail.com', '1234', '0051692110', 2, 'EPA ROSALINA', 'P', '2005-10-20', 'PANDAN AGUNG', 'SMPN 1 MADANG SUKU 2', 79.7, 0.332274, NULL),
('MD-0078-SK-II', 'irawanp268@gmail.com', '1234', '0067680134', 2, 'FERI IRAWAN', 'L', '2006-03-31', 'DESA SUKANEGARA', 'SMP NEGERI 1 MADANG SUKU 2', 80.79, 0.375287, NULL),
('MD-0079-SK-II', 'Firsapratama2408@gmail.com', '1234', '0047692593', 2, 'FIRSA PRATAMA', 'L', '2004-08-24', 'PANDAN AGUNG', 'SMPN MADANG SUKU11', 75, 0.341661, NULL),
('MD-0080-SK-II', 'Hikmatulfitria11@gmail.com', '1234', '0068035632', 2, 'HIKMATUL FITRIA', 'P', '2006-10-26', 'RASUAN BARU', 'MTS N 3 OKU TIMUR', 74.8, 0.586301, NULL),
('MD-0081-SK-II', 'jusrilbungsu014@gmail.com', '1234', '0065531643', 2, 'JUSRIL', 'L', '2005-04-01', 'SUKANEGARA', 'SMP N 1 MADANG SUKU 11', 76.98, 0.406309, NULL),
('MD-0082-SK-II', 'KS8289223 @gmail.com', '1234', '0065413808', 2, 'KURNIA SARI', 'P', '2006-09-09', 'SURABAYA / TEGALREJO', 'SMP NEGERI 2 MADANG SUKU LLL', 79.57, 0.250869, NULL),
('MD-0083-SK-II', '', '1234', '0069863819', 2, 'M WAHYU PEBRIANSYAH', 'L', '2006-02-04', 'TALANG GIRING', 'SMP N 1 MADANG SUKU 2', 79, 0.487324, NULL),
('MD-0084-SK-II', 'ramadhanobersa@gmail.com', '1234', '0057881464', 2, 'M.RAMADHAN OBERSA', 'L', '2005-10-25', 'SUKANEGARA', 'SMP N 1 MADANG SUKU 2', 78, 0.276644, NULL),
('MD-0085-SK-II', 'maulanaapriliansyah695@gmail.com', '1234', '0061697825', 2, 'MAULANA APRILIANSYAH', 'L', '2006-04-13', 'DESA TRIDADI', 'MTS NEGERI 3 OKU TIMUR', 79, 0.5496, NULL),
('MD-0086-SK-II', 'M05946100@gmail.com', '1234', '0004729384', 2, 'MUALIMIN', 'L', '2006-05-09', 'KOTANEGARA', 'MTS NEGRI 03 OKU TIMUR', 79, 0.491789, NULL),
('MD-0087-SK-II', 'mabizar797@gmail.com', '1234', '0049668272', 2, 'MUHAMAD ABIZAR', 'L', '2004-07-19', 'MENDAYUN', 'SMP NEGERI 3 MADANG SUKU 1', 78.6, 0.482817, NULL),
('MD-0088-SK-II', '', '1234', '0057134536', 2, 'MUHAMMAD AMRULLAH', 'L', '2006-12-25', 'SURABAYA', 'SMP NEGERI 3 MADANG SUKU 1', 76.4, 0.642095, NULL),
('MD-0089-SK-II', 'nblarynti@.gmail.com', '1234', '0009508254', 2, 'NABILA RIYANTI', 'P', '2006-07-05', 'RIANG BANDUNG ILIR', 'SMPN 1 BPBR', 81, 0.278717, NULL),
('MD-0090-SK-II', 'naphanpratama@gmail.com', '1234', '0065337817', 2, 'NAFHAN PRATAMA', 'L', '2006-04-23', 'KOTA NEGARA', 'MTSN 3 OKU TIMUR', 80.13, 0.445865, NULL),
('MD-0091-SK-II', 'pebrian386@gmail.com', '1234', '0071799018', 2, 'PEBRIAN', 'L', '2022-01-20', 'PANDAN AGUNG', 'MTS N 3 OKU TIMUR', 78.73, 0.44093, NULL),
('MD-0092-SK-II', 'reniireni910@gmail.com', '1234', '0062261937', 2, 'RENI', 'P', '2006-07-18', 'PANDAN AGUNG', 'SMP NEGRI 1MADANG SUKU LL', 80.01, 0.244425, NULL),
('MD-0093-SK-II', 'revalestari387', '1234', '0061447569', 2, 'REVA LESTARI', 'P', '2006-01-06', 'SUKANEGARA', 'SMP NEGRI 1 MADANG SUKU 11', 81.63, 0.281601, NULL),
('MD-0094-SK-II', 'rianabdipratama116@gmail.com', '1234', '0078969805', 2, 'RIAN ABDI PRATAMA', 'L', '2005-04-08', 'PANDAN AGUNG', 'MTS NEGRI 03 OKU TIMUR', 70, 0.333321, NULL),
('MD-0095-SK-II', 'riskibta40@gmail.com', '1234', '0064688513', 2, 'RISKI AYYIB', 'L', '2006-03-23', 'SUKANEGARA', 'SMP N 1 MADANG SUKU LL', 79, 0.567388, NULL),
('MD-0096-SK-II', 'ayukbila75@gmail.com', '1234', '0052186639', 2, 'SALSABILA', 'P', '2005-02-12', 'KOTANEGARA TIMUR', 'MTSN 3 OKU TIMUR', 82.73, 0.343776, NULL),
('MD-0097-SK-II', 'dediagrianto@gmail.com', '1234', '0064912562', 1, 'SALSABILA DERA ARYANTI', 'P', '2006-03-13', 'JATIMULYO 2', 'SMP N 1 MADANG SUKU II', 80.16, 0.594927, NULL),
('MD-0098-SK-II', 'tka4yov@gmail.com', '1234', '0066753304', 2, 'SARTIKA SARI', 'P', '2006-04-07', 'CINTA NEGARA', 'MTS N 2 OKU TIMUR', 86.87, 0.649536, NULL),
('MD-0099-SK-II', 'sumartinisri79@gmail.com', '1234', '0045045405', 2, 'SRI SUMARTINI', 'P', '2004-05-23', 'OKU TIMUR', 'MTS NEGERI 3 OKU TIMUR', 76.93, 0.518243, NULL),
('MD-0100-SK-II', 'martisumarti023@gmail.com', '1234', '0051693916', 2, 'SUMARTI', 'P', '2005-04-19', 'RASUAN BARU', 'MTS N 3 OKU TIMUR', 80, 0.749074, NULL),
('MD-0101-SK-II', 'vereraedira@gmail.com', '1234', '0052960486', 2, 'VERERA EDIRA AULIA', 'P', '2006-08-26', 'DESA SURABAYA', 'SMP NEGERI 2 SURABAYA', 81, 0.270809, NULL),
('MD-0102-SK-II', 'Wk3290072@gmail.com', '1234', '0068635946', 2, 'WAHYU KURNIAWAN', 'L', '2006-07-29', 'PANDAN AGUNG', 'SMP NEGRI 1MADANG SUKU2', 79.55, 0.741312, NULL),
('MD-0103-SK-II', 'yanay8550@gmail.com', '1234', '0064171364', 2, 'YULIYANA FS', 'P', '2006-06-16', 'AGUNG JATI MDS1', 'SMP N3 MDS1', 80, 0.3798, NULL),
('MD-0104-SK-II', '', '1234', '0051692748', 2, 'YURIKE MATULESI', 'P', '2005-06-05', 'RIANG BANDUNG', 'SMPN 01 BUAY PEMUKA BANGSA RAJ', 81.27, 0.199004, NULL),
('MD-0105-SK-II', '', '1234', '0068285715', 2, 'AHMAD SYAIFUL EFENDI', 'L', '2006-06-02', 'SURABAYA', 'SMPN 01 BUAY PEMUKA BANGSA RAJ', 76.05, 0.404193, NULL),
('MD-0106-SK-II', 'tajriudin2020@gmail.com', '1234', '0055166513', 2, 'AHMAD TAZRI', 'L', '2005-12-27', 'MENDAYUN', 'SMP NEGERI 3MADANG SUKU 1', 77, 0.408453, NULL),
('MD-0107-SK-II', 'aliaaazizirohma@gmail.com', '1234', '0058684044', 2, 'ALIA AAZIZI ROHMA', 'P', '2005-10-09', 'KERTA NEGARA', 'SMP NEGERI 1 MADANG SUKU II', 81.75, 0.410582, NULL),
('MD-0108-SK-II', 'amarullahbae@gmail.com', '1234', '0051693750', 2, 'AMRULLAH', 'L', '2005-02-23', 'KERTA NEGARA', 'SMP N 1 MADANG SUKU II ', 75.2, 0.482708, NULL),
('MD-0109-SK-II', 'Andrioadiputra7@gmail.com', '1234', '0051087513', 2, 'ANDRIO ADI PUTRA', 'L', '2005-08-10', 'RASUAN BARU', 'SMP N 1 MADANG SUKU II ', 88, 0.386752, NULL),
('MD-0110-SK-II', 'Ariparayoga#gmail.com', '1234', '0061958650', 1, 'ARI PARAYOGA', 'L', '2006-03-21', 'RIANG BANDUNG', 'SMP N 1 BUAY PEMUKA BANGSA RAJ', 79.45, 0.439426, NULL),
('MD-0111-SK-II', 'arilherlangga7@gmail.com', '1234', '0067165919', 2, 'ARIL HERLANGGA', 'L', '2006-01-04', 'SUKANEGARA', 'SMP N 1 MADANG SUKU 2', 78.15, 0.549295, NULL),
('MD-0112-SK-II', 'baraaditia722@gmail.com', '1234', '0062131383', 2, 'BARA ADITIA GT', 'L', '2006-02-10', 'SUKANEGARA', 'SMP N  1 MADANG SUKU II ', 79.38, 0.80761, NULL),
('MD-0113-SK-II', 'deasalima76@gmail.com', '1234', '0064568705', 2, 'DEA SALIMA', 'P', '2006-05-05', 'DESA SUKANEGARA', 'SMP NEGERI 1 MADANG SUKU II', 83.36, 0.556832, NULL),
('MD-0114-SK-II', 'wdewi2744@gmail.com', '1234', '0052971662', 2, 'DEWI WAHYUNI', 'P', '2005-12-06', 'PANDAN AGUNG', 'MTS N 3 OKUTTIMUR', 76.46, 0.443748, NULL),
('MD-0115-SK-II', '', '1234', '0065625072', 2, 'EDO SAPUTRA', 'L', '2008-12-25', 'JL LINTAS RAYA KOMERING', 'SMP NEGERI 1 MADANG SUKU II', 75.02, 0.403089, NULL),
('MD-0116-SK-II', 'elianandananda7@gmail.com', '1234', '0062104382', 2, 'ELIA NANDA', 'P', '2006-05-30', 'SUKA NEGARA', 'SMPN 1 MADANG SUKU II', 81, 0.413166, NULL),
('MD-0117-SK-II', 'erwinsarumpi@gmail.com', '1234', '0061654696', 2, 'ERWIN SARUMPI', 'L', '2006-03-03', 'KOTANEGARA', 'MTSN 3 OKU TIMUR', 80.13, 0.232207, NULL),
('MD-0118-SK-II', '', '1234', '0064982523', 2, 'FAJAR', 'L', '2006-09-07', 'TRIDADI', 'MTS N 3 OGAN KOMERING ULU TIMU', 78.02, 0.406309, NULL),
('MD-0119-SK-II', 'febrighandiy@gmail.com', '1234', '0067934653', 1, 'FEBRI GHANDI YUDA', 'L', '2006-02-23', 'KOTANEGARA', 'MTS N 3 OGAN KOMERING ULU TIMU', 74.8, 0.630376, NULL),
('MD-0120-SK-II', 'kenewonk90@gmail.com', '1234', '0066344536', 2, 'HARDI JUNIANTO', 'L', '2006-06-05', 'TRIDADI', 'MTS N 3 OGAN KOMERING ULU TIMU', 78.86, 0.189133, NULL),
('MD-0121-SK-II', 'bantaidrama2000@gmail.com', '1234', '0063397641', 2, 'M KHOIRI', 'L', '2006-02-06', 'JL LINTAS RAYA KOMERING', 'MTS N 3 OGAN KOMERING ULU TIMU', 71, 0.391899, NULL),
('MD-0122-SK-II', 'Idunsinghurina@gmail.com', '1234', '0065690728', 2, 'M NURHADI', 'L', '2006-07-29', 'JL LINTAS RAYA KOMERING', 'MTS N 3 OGAN KOMERING ULU TIMU', 72.3, 0.424245, NULL),
('MD-0123-SK-II', 'meishazasfia02@gmail.com', '1234', '0069431194', 2, 'MEISHA ZASFIA', 'P', '2006-05-16', 'SUKANEGARA', 'SMP NEGERI 1 MADANG SUKU II', 82.35, 0.525881, NULL),
('MD-0124-SK-II', 'Memeyfajarhartatimey@gmail,com', '1234', '0068780478', 2, 'MEMEY FAJAR HARTATI', 'P', '2006-05-18', 'KOTANEGARA TIMUR', 'MTS N 3 OKU TIMUR', 82, 0.425867, NULL),
('MD-0125-SK-II', 'oyongandrian@gmail.com', '1234', '0064675223', 2, 'OYONG ANDRIYAN KASTORO', 'L', '2006-07-15', 'DADIMULYO', 'MTS NURUL A LA JATI MULYO II', 86, 0.377351, NULL),
('MD-0126-SK-II', 'prengkipebriyanto@gmail.com', '1234', '0053687162', 2, 'PRENGKI PEBRIYANTO', 'L', '2005-11-12', 'KERTANEGARA OKUTIMUR', 'SMP N  1 MADANG SUKU II ', 78.42, 0.61657, NULL),
('MD-0127-SK-II', '', '1234', '0044750239', 2, 'PUPUT MELA SARI', 'P', '2005-05-27', 'RASUAN BARU\n', 'MTS NEGRI 03 OKU TIMUR', 77.93, 0.408972, NULL),
('MD-0128-SK-II', 'rena44367@gmail.com', '1234', '0065774049', 2, 'RENA', 'P', '2006-07-18', 'PANDAN AGUNG', 'SMP N I MADANG SUKU II', 79.26, 0.441879, NULL),
('MD-0129-SK-II', 'Repalenaa@gmail.com', '1234', '0051378150', 2, 'REPA LENA', 'P', '2005-10-21', 'SUKANEGARA', 'SMP N 1 MADANG SUKU II', 83.92, 0.450981, NULL),
('MD-0130-SK-II', 'revamonalisa811@gmail.com', '1234', '0062142727', 2, 'REVA MONALISA', 'P', '2006-02-19', 'RIANG BANDUNG ILIR', 'SMP NEGERI 1 MADANG SUKU II', 82.88, 0.370982, NULL),
('MD-0131-SK-II', 'rio341764@gmail.com', '1234', '0047587741', 2, 'RIO APRIANSYAH', 'L', '2022-01-17', 'KOTA NEGARA TIMUR', 'MTS NEGERI 3 OKU TIMUR', 79, 0.214286, NULL),
('MD-0132-SK-II', '', '1234', '0061349914', 1, 'SERLI MELINDA', 'P', '2006-05-02', 'SURABAYA OKU TIMUR', 'SMP N 2 MADANG SUKU III', 82.6, 0.751906, NULL),
('MD-0133-SK-II', 'Widyacek707@gmail.com', '1234', '0041176680', 2, 'WIDIA NESVITA', 'P', '2006-07-10', 'OKU TIMUR', 'MTSN 3 OGAN KOMERING ULU TIMUR', 75, 0.541582, NULL),
('MD-0134-SK-II', '', '1234', '0066466991', 2, 'ZHURNI AVIKA', 'P', '2006-06-18', 'KOTANEGARA', 'MTS N 3 OGAN KOMERING ULU TIMU', 82.66, 0.423292, NULL),
('MD-0135-SK-II', 'zulkifplirk14@gmail.com', '1234', '0062681106', 2, 'ZULKIFLI', 'L', '2006-07-14', 'BATAM', 'SMP 1 MADANG SUKU II', 79.69, 0.748604, NULL),
('MD-0136-SK-II', '', '1234', '0063796564', 2, 'AHMAD REFATAH', 'L', '2005-05-25', 'MARGOTANI', 'SMP 1 MADANG SUKU II', 75.67, 0.330816, NULL),
('MD-0137-SK-II', 'asonhebat@gmail.com', '1234', '0054989531', 2, 'ALEX ARJUN FRIANSYAH', 'L', '2005-05-07', 'DESA AGUNG JATI', 'SMP NEGERI 3 MADANG SUKU 1', 78, 0.82425, NULL),
('MD-0138-SK-II', 'anangansori161@gmail.com', '1234', '0051716112', 2, 'ANANG ANSORI', 'L', '2005-01-08', 'KOTA NEGARA TIMUR', 'MTS AL-FALAH', 80.22, 0.602448, NULL),
('MD-0139-SK-II', 'ariyanzah@gmail.com', '1234', '0053459566', 2, 'ARIYANZAH', 'L', '2005-11-29', 'SUKANEGARA', 'SMP NEGERI I MADANG SUKU II', 79.95, 0.413166, NULL),
('MD-0140-SK-II', 'ayumonica2007@gmail.com', '1234', '0066624575', 2, 'AYU MONIKA POBRI UTAMA', 'P', '2007-02-05', 'SUKANEGARA', 'SMP 1 MADANG SUKU II', 82.53, 0.36071, NULL),
('MD-0141-SK-II', 'debyanugrahramadan@gmail.com', '1234', '0022559363', 2, 'DEBY ANUGRAH RAMADAN', 'L', '2022-10-24', 'SUKANEGARA', 'SMP N1 MADANG SUKU 2', 80.33, 0.607616, NULL),
('MD-0142-SK-II', '', '1234', '0069542435', 2, 'DIAN ROSYID', 'L', '2006-03-10', 'JL LINTAS RAYA KOMERING', 'SMP N1 MADANG SUKU 2', 80.21, 0.417805, NULL),
('MD-0143-SK-II', 'Dinda.afrilia852@gamail.com', '1234', '0053157052', 2, 'DINDA AFRILIA', 'P', '2005-04-13', 'KOTANEGARA', 'MTSN 3 OKU TIMUR', 82.66, 0.426734, NULL),
('MD-0144-SK-II', 'edi41255@gmail.com', '1234', '0049979929', 1, 'EDI SUHENDRO', 'L', '2004-11-14', 'RIANG BANDUNG', 'SMP N 1 BPBR', 79, 0.627071, NULL),
('MD-0145-SK-II', '', '1234', '0068216981', 2, 'ERFAN EFENDI', 'L', '2006-07-19', 'DESA TRIDADI', 'SMP 1 MADANG SK 11', 75, 0.579485, NULL),
('MD-0146-SK-II', '', '1234', '0061067783', 2, 'FERDIANSYAH', 'L', '2006-02-04', 'TRIDADI', 'MTS N 3 OGAN KOMERING ULU TIMU', 80, 0.408453, NULL),
('MD-0147-SK-II', 'fery79122@gmail.com', '1234', '0066070173', 2, 'FERY IRAWAN', 'L', '2006-02-11', 'AGUNG JATI', 'MTS N 3 OKU TIMUR', 78, 0.407901, NULL),
('MD-0148-SK-II', 'Sukanegara@gmail.com', '1234', '0065241357', 2, 'HENDRA WIJAYA', 'L', '2006-09-11', 'SUKANEGARA', 'SMP 1 MADANG SUKU 2', 78.74, 0.602225, NULL),
('MD-0149-SK-II', 'iiibnu922@gemail.com', '1234', '0063894527', 2, 'IBNU SUTOWO ', 'L', '2006-05-23', 'JLN.RADEN PATAH PASAR SENIN PEMBANGUNAN', 'SMP NEGERI 10 OKU MADANG SUKU ', 85, 0.519036, NULL),
('MD-0150-SK-II', 'Ir4060709@gmail.com ', '1234', '0058700109', 2, 'INDAH RAHAYU ', 'P', '2005-07-05', 'KOTANEGARA ', 'MTSN 3 OKU TIMUR ', 81.13, 0.450395, NULL),
('MD-0151-SK-II', 'inggriz09@gmail.com', '1234', '0058435205', 2, 'INGGRI Z', 'P', '2005-11-05', 'SUKANEGARA', 'SMP N 1 MADANG SUKU 2', 81.71, 0.508886, NULL),
('MD-0152-SK-II', 'aminmuhai3@gmail.com', '1234', '0069175617', 2, 'MELI ASTUTI', 'P', '2006-05-10', 'SRIMULYO TAPUS', 'MTS NEGERI 3 OKU TIMUR', 81.13, 0.62753, NULL),
('MD-0153-SK-II', '', '1234', '0051010246', 2, 'MUHAMMAD DIAN PRATAMA', 'L', '2005-09-16', 'JL LINTAS RAYA KOMERING', 'SMP N1 MADANG SUKU 2', 79.28, 0.411102, NULL),
('MD-0154-SK-II', 'nesampa38@gmail.com', '1234', '0061905802', 2, 'PITA TAMARA', 'P', '2006-07-04', 'DESA SURABAYA', 'SMP NEGERI 2 MADANG SUKU 3', 80.67, 0.415777, NULL),
('MD-0155-SK-II', 'retaandriyani101@gmail.com', '1234', '0068525252', 2, 'RETA ANDRIYANI', 'P', '2006-06-24', 'SUKANEGARA', 'SMP NEGERI 1 MADANG SUKU II', 79.91, 0.491789, NULL),
('MD-0156-SK-II', 'rikocigara@gmail.com', '1234', '0062565671', 2, 'RIKO KURNIA', 'L', '2006-05-12', 'KERTA NEGARA', 'SMP N  1 MADANG SUKU II ', 79.45, 0.402209, NULL),
('MD-0157-SK-II', 'rizkypernando74@gmail.com', '1234', '0067322225', 2, 'RISKI PERNANDO', 'L', '2006-06-21', 'DS MENGULAK KECAMATAN MADANG SK 1', 'SMPN 1 MADANG SK 2', 83.2, 0.516106, NULL),
('MD-0158-SK-II', 'lestariristi25@gmail.com', '1234', '0068711484', 2, 'RISTI LESTARI', 'P', '2006-02-27', 'SRIKENCANA', 'MTSN 3 OKU TIMUR', 80.93, 0.620813, NULL),
('MD-0159-SK-II', 'seffihyani09@gmail.com', '1234', '0057688334', 2, 'SEFFI HANDAYANI', 'P', '2005-12-07', 'DESA MARGOTANI', 'MTS NURUL IMAN MARGOTANI', 85, 0.42339, NULL),
('MD-0160-SK-II', 'Sitimadona31@gmail.com', '1234', '0058447895', 2, 'SITI MADONA AGNESIA', 'P', '2005-07-26', 'KOTA NEGARA', 'MTSN 03 OKU TIMUR', 82.4, 0.647176, NULL),
('MD-0161-SK-II', 'Soffi February@gmail.com', '1234', '0051692613', 2, 'SOFI FEBRIYANTI', 'P', '2006-08-13', 'SUKANEGARA', 'SMP 1 MADANG SUKU 11', 79, 0.408972, NULL),
('MD-0162-SK-II', 'Sonimora663@gmail.com', '1234', '0066280182', 2, 'SONI MORA', 'L', '2005-12-20', 'SUKANEGARA', 'SMP 1 MADANG SUKU 2', 75.67, 0.403695, NULL),
('MD-0163-SK-II', 'sundafalsaputra00@gmail.com', '1234', '0054959506', 2, 'SUNDAFAL SAPUTRA', 'L', '2006-02-06', 'KOTA NEGARATMUR', 'SMP 1 MADANG SUKU 2', 88.2, 0.496354, NULL),
('MD-0164-SK-II', 'ramabtm584@gmail.com', '1234', '0067110246', 2, 'SYAHRIAL RAMADAN', 'L', '2006-10-12', 'BATUMARTA VIII', 'SMP 1 MADANG SUKU 2', 80.33, 0.419863, NULL),
('MD-0165-SK-II', '', '1234', '0051481352', 2, 'TIKA SAFARI ROSMALINDA', 'P', '2005-03-25', 'DESA SURABAYA', 'SMP N 2MADANG SUKU 3', 81.12, 0.63482, NULL),
('MD-0166-SK-II', 'yunaariska029@gmail.com', '1234', '0064823497', 2, 'YUNA ARISKA', 'P', '2006-06-25', 'KOTANEGARA', 'MTS NEGRI 3 OKU TIMUR', 82.4, 0.316428, NULL),
('MD-0167-SK-II', 'rengganistiara13@gmail.com', '1234', '0066814994', 1, 'ADHE MUTIARA RENGGANIS', 'P', '2006-09-13', 'RIANG BANDUNG', 'SMPN 1 BUAY PEMUKA BANGSA RAJA', 84.36, 0.856091, NULL),
('MD-0168-SK-II', 'anisaafrina26@gmail.com', '1234', '0067655388', 1, 'ANISA AFRINA', 'P', '2006-04-26', 'DESA SURABAYA', 'SMAN 1 MADANG SUKU LL', 83.41, 0.81748, NULL),
('MD-0169-SK-II', 'moly77184@gmail.com', '1234', '0065491090', 1, 'APRILIA MAULINA', 'P', '2022-04-19', 'KOTANEGARA TIMUR', 'MTS N3 OKU TIMUR', 79.93, 0.412743, NULL),
('MD-0170-SK-II', 'ariskaaa3@gmail.com', '1234', '0064877312', 1, 'ARISKA', 'P', '2006-09-17', 'TRIDADI', 'SMPN I MADANG SUKU II', 81.76, 0.502184, NULL),
('MD-0171-SK-II', 'putrakalimahnaarjun@gmail.com', '1234', '0049541565', 1, 'ARJUN PUTRA KALIMANA', 'L', '2005-03-14', 'PANDAN AGUNG', 'SMPN 1 MADANG SUKU 2', 78.97, 0.76986, NULL),
('MD-0172-SK-II', 'syare8349@gmail.com', '1234', '0063804793', 1, 'ATIKA SARI', 'P', '2007-02-10', 'SRIKENCANA', 'MTSN 3 OKU TIMUR', 82.6, 0.673696, NULL),
('MD-0173-SK-II', 'cintaauliaputri624@gmail.com', '1234', '0069498001', 1, 'CINTA AULIA PUTRI', 'P', '2006-03-17', 'DESA SURABAYA', 'SMP NEGERI 2 MADANG SUKU LLL', 83.14, 0.848888, NULL),
('MD-0174-SK-II', 'daffachantikk@gmail.com', '1234', '0056306380', 1, 'DAFFA UFAIRA', 'P', '2005-12-12', 'MARGOTANI', 'SMP N 1 MADANG SUKU II', 84.12, 0.797707, NULL),
('MD-0175-SK-II', 'nauradetia635@gmail.com', '1234', '0051122437', 1, 'DETIA NAURA NAZWA SAIMONA', 'P', '2005-11-02', 'PANDAN AGUNG', 'SMPN 1 MADANG SUKU 2', 84.33, 0.552322, NULL),
('MD-0176-SK-II', 'rizkydian858@gmail.com', '1234', '0061276130', 1, 'DIAN RIZKY', 'P', '2006-05-19', 'SRI KENCANA', 'SMPN 1 MADANG SUKU II ', 83.06, 0.725708, NULL),
('MD-0177-SK-II', 'hg9874671@gmail.com', '1234', '0057276619', 1, 'ENDRA GUNAWAN', 'L', '2005-10-17', 'MENDAYUN', 'SMP NEGERI 3', 79, 0.644233, NULL),
('MD-0178-SK-II', 'eviriani010@gmail.com', '1234', '0063228490', 1, 'EVI RIANI', 'P', '2006-08-15', 'KOTANEGARA TIMUR', 'MTS N 3 OKU TIMUR', 82.13, 0.835565, NULL),
('MD-0179-SK-II', 'icayanti527@gmail.com', '1234', '0069133470', 1, 'ICA DAMARAYANTI', 'P', '2006-04-02', 'SUKANEGARA', 'SMPN 1 MADANG SUKU II', 82.77, 0.564289, NULL),
('MD-0180-SK-II', 'ikedewiputridewiputri@gmail.com', '1234', '0065873254', 1, 'IKE DWI PUTRI', 'P', '2006-02-27', 'KERTA NEGARA', 'SMPN 1 MADANG SUKU LL', 83.58, 0.835436, NULL),
('MD-0181-SK-II', 'trivelizazaza@gmail.com', '1234', '0065757216', 1, 'LABATNA BAYZA TRIVELIZA', 'P', '2006-02-12', 'MENDAYUN', 'SMPN3 MADANG SUKU 1', 84, 0.327845, NULL),
('MD-0182-SK-II', 'mrizkisaputra0113@gmail.com', '1234', '0064493748', 1, 'M RIZKI SAPUTRA', 'L', '2006-01-13', 'KOTANEGARA', 'MTS NEGERI 3 OKU TIMUR', 79.2, 0.638045, NULL),
('MD-0183-SK-II', 'muhammadhomsin040805@gmail.com', '1234', '0052201976', 1, 'MUHAMMAD HOMSIN', 'L', '2005-08-04', 'KOTANEGARA', 'MTS N 3 OKU TIMUR', 82.8, 0.648734, NULL),
('MD-0184-SK-II', 'husaininabil13@gmail.com', '1234', '0051692412', 1, 'NABIL HUSAYNI ALWA SYAHDA', 'L', '2005-11-13', 'PANDAN AGUNG', 'SMP NEGERI 1 MADANG SUKU II', 78.5, 0.63606, NULL),
('MD-0185-SK-II', 'nabilaanabila395@gmail.com', '1234', '0078780056', 1, 'NABILA AZZAHRA ', 'P', '2007-02-04', 'RIANG BANDUNG ILIR', 'SMPN 1 BANYUASIN III', 87, 0.60237, NULL),
('MD-0186-SK-II', 'nayladwiaryanti9', '1234', '0062709730', 1, 'NAYLA DWI ARIYANTI', 'P', '2006-05-13', 'RIANG BANDUNG ILIR', 'SMAN 1 MADANG SUKU LL', 82.67, 0.585791, NULL),
('MD-0187-SK-II', 'nh301788@gmail.com', '1234', '0058608826', 1, 'NURUL HASANAH', 'P', '2005-05-15', 'TRIDADI', 'SMA N L MADANG SUKU LL', 82.25, 0.678771, NULL),
('MD-0188-SK-II', 'raflytyasramadhan@gmail.com', '1234', '0055087931', 1, 'RAFLY TYAS RAMADHAN', 'L', '2005-10-04', 'RIANG BANDUNG', 'SMPN 1 MADANG SUKU 2', 80.58, 0.459459, NULL),
('MD-0189-SK-II', 'rahmadardi1609@gmail.com', '1234', '0066220408', 1, 'RAHMAT ARDI GUNAWAN', 'L', '2006-06-16', 'SRIKENCANA', 'SMPN 1 MADANG SUKU II', 82.47, 0.490577, NULL),
('MD-0190-SK-II', 'dririn166@gmail.com', '1234', '0011685096', 1, 'RIRIN DWI AGUSTIA', 'P', '2006-08-14', 'TRIDADI', 'SMP NEGERI 1 MADANG SUKU 2', 82.08, 0.676444, NULL),
('MD-0191-SK-II', 'Riyandermawan3105@gmail.com', '1234', '0067136831', 1, 'RIYAN DERMAWAN', 'L', '2006-05-31', 'MARGOTANI', 'SMP N 1 MADANG SUKU II', 81, 0.43557, NULL),
('MD-0192-SK-II', 'rusmalasarirusmalasari@gmail.com', '1234', '0068325027', 1, 'RUSMALASARI', 'P', '2006-04-30', 'RIANG BANDUNG', 'SMPN 1 BPBR', 83.09, 0.560288, NULL),
('MD-0193-SK-II', 'Saniamaidiana@gmail.com', '1234', '0067112497', 1, 'SANIA MAIDIANA', 'P', '2006-05-11', 'SRI KENCANA', 'SMP NEGERI 1 MADANG SUKU II', 82.96, 0.796979, NULL),
('MD-0194-SK-II', 'sshafthanavye@gmail.com', '1234', '0053476346', 1, 'SELVIANA', 'P', '2005-10-12', 'RASUAN BARU', 'SMP 1 MADANG SUKU 2', 81, 0.749164, NULL),
('MD-0195-SK-II', 'sholeharetnowati@gmail.com', '1234', '0065229741', 1, 'SHOLEHA RETNO WATI', 'P', '2006-03-15', 'SRIKENCANA', 'SMP N I MADANG SUKU II', 85.11, 0.325362, NULL),
('MD-0196-SK-II', 'suciya111005@gmail.com', '1234', '0059175309', 1, 'SUCIYA', 'P', '2005-10-11', 'SRIKENCANA', 'SMP 1 MADANG SUKU II', 80.72, 0.638415, NULL),
('MD-0197-SK-II', 'tiwiramadhani23@gmail.com', '1234', '0063300579', 1, 'TIWI RAMADANI', 'P', '2006-10-10', 'PANDAN AGUNG', 'SMP 1 MADANG SUKU LL', 81.12, 0.702821, NULL),
('MD-0198-SK-II', 'yonakatigana2020@gmail.com', '1234', '0056392699', 1, 'YONA KATIGANA', 'P', '2005-10-17', 'RASUAN BARU', 'MTS N 3 OKU TIMUR', 84.2, 0.260457, NULL),
('MD-0199-SK-II', 'yuniariski00@gmail.com', '1234', '0067690321', 1, 'YUNI ARISKI', 'P', '2006-06-25', 'KOTANEGARA', 'MTSN 3 OKU TIMUR', 83.6, 0.751667, NULL),
('MD-0200-SK-II', 'adeliaangraini1920@gmail.com', '1234', '0067805655', 1, 'ADELIA ANGGRAINI', 'P', '2006-09-05', 'DESA SRIKENCANA', 'SMP NEGERI 1 MADANG SUKU 2', 83.04, 0.60873, NULL),
('MD-0201-SK-II', 'kotanegaratimur424@gmail.com', '1234', '0061917764', 1, 'AFRIYANI', 'P', '2006-04-08', 'KOTANEGARA TIMUR', 'MTS N 3 OKU TIMUR', 86.4, 0.599875, NULL),
('MD-0202-SK-II', 'hhmad.tri1201@gmail.com', '1234', '0069995917', 1, 'AHMAD TRI NURHASAN', 'L', '2006-01-12', 'KOTA NEGARA TIMUR', 'MTS NEGERI 3 OGAN KOMERING TIM', 82.46, 0.405971, NULL),
('MD-0203-SK-II', 'ariendaramadhani@gmail.com', '1234', '0055091177', 1, 'ARIENDA RAMADHANI', 'P', '2005-10-23', 'SRIMULYO', 'SMPN 1 MADANG SUKU 2', 85.51, 0.724743, NULL),
('MD-0204-SK-II', 'chantika25082005@gmail.com', '1234', '0054612146', 1, 'CHANTIKA DIANA', 'P', '2005-08-25', 'MARGOTANI 2', 'MTS N 03 OKU TIMUR', 83.13, 0.355401, NULL),
('MD-0205-SK-II', 'dewamacho34@gmail.com', '1234', '0063076773', 1, 'DEWA FERNANDO', 'L', '2006-06-03', 'PANDAN AGUNG', 'SMPN1 MADANG SUKU 2', 83.18, 0.482103, NULL),
('MD-0206-SK-II', 'dewif1698@gmail.com', '1234', '0064842317', 1, 'DEWI FATIMAH', 'P', '2006-08-27', 'AGUNG JATI', 'SMPN 3 MADANG SUKU 1', 83, 0.856949, NULL),
('MD-0207-SK-II', 'Prantinaena@gmail.com', '1234', '0052921681', 1, 'ENA PRANTINA', 'P', '2005-12-11', 'PANDAN AGUNG', 'SMAN 1 MADANG SUKU 11', 79.49, 0.758873, NULL),
('MD-0208-SK-II', 'erniagisnawati@gmail.com', '1234', '0065871055', 1, 'ERNI AGISNA WATI ', 'P', '2006-08-24', 'DESA SURABAYA ', 'SMPN 2 MADANG SUKU III', 84.3, 0.524368, NULL),
('MD-0209-SK-II', 'Fikrik354@gmail.com', '1234', '0051159450', 1, 'FIKRI KURNIAWAN', 'L', '2005-10-17', 'KERTAS NEGARA', 'SMPN 1 MADANG SUKU 2', 78.28, 0.644779, NULL),
('MD-0210-SK-II', 'fisabilillahsyukur@gmail.com', '1234', '0064272797', 1, 'FISABILILLAH SYUKUR', 'L', '2006-03-29', 'KOTANEGARA TIMUR', 'SMPN 1 MADANG SUKU II', 87.39, 0.652266, NULL),
('MD-0211-SK-II', 'hadisukron64191@gmail.com', '1234', '0061317793', 2, 'HADI SUKRON', 'L', '2006-04-16', 'KOTA NEGARA', 'MTSN 3 OKU TIMUR', 77.6, 0.552947, NULL),
('MD-0212-SK-II', 'jelitabirma@gmail.com', '1234', '0063801652', 1, 'JELITA BIRMA', 'P', '2006-01-26', 'PANDAN AGUNG', 'SMP I MADANG SUKU II', 84.91, 0.547404, NULL),
('MD-0213-SK-II', 'jenigudak@gmail.com', '1234', '0062784899', 1, 'JENI KUSRIA DEWI', 'P', '2006-01-01', 'KOTANEGARA TIMUR', 'MTS NEGERI 03 OKU TIMUR', 88.89, 0.822233, NULL),
('MD-0214-SK-II', 'likadama129@gmail.com', '1234', '0066658027', 1, 'LIKA DAMAYANTI', 'P', '2006-01-29', 'RIANG BANDUNG', 'SMPN 1 BUAY PEMUKA BANGSA RAJA', 81.82, 0.228067, NULL),
('MD-0215-SK-II', 'Melasari@gmail.com', '1234', '0067606631', 1, 'MAI SARI', 'P', '2006-05-14', 'RASUAN BARU', 'SUKU 1 MADANG SUKU 11', 79.19, 0.442551, NULL),
('MD-0216-SK-II', 'mrenosetiawan21@gmail.com', '1234', '0064896397', 1, 'MUHAMMAD RENO SETIAWAN', 'L', '2006-07-07', 'KOTANEGARA TIMUR', 'SMP N 1 MADANG SUKU 2', 83.03, 0.751286, NULL),
('MD-0217-SK-II', 'muhammadrizkyromadhon@gmail.com', '1234', '0054981580', 1, 'MUHAMMAD RIZKY ROMADHON', 'L', '2005-10-14', 'SRIMULYO TAPUS', 'SMP NEGERI 1 MADANG SUKU LL', 81.44, 0.689514, NULL),
('MD-0218-SK-II', 'Nanta@gmail.com', '1234', '0045823354', 1, 'NANTA ADI KURNIAWAN', 'L', '2006-06-04', 'KOTA NEGARA', 'MTS N 3 OKU TIMUR', 80, 0.623386, NULL),
('MD-0219-SK-II', 'fnia0661@gmail.com', '1234', '0065545141', 1, 'NIA FATMAWATI', 'P', '2006-05-18', 'TRIDADI', 'SMP N 1 MADANG SUKU 2', 81.34, 0.761949, NULL),
('MD-0220-SK-II', 'puspajambe@gmail.com', '1234', '0064341587', 1, 'PUSPA SARI', 'P', '2007-05-21', 'KOTANEGARA TIMUR', 'MTS NEGRI 3 OKU TIMUR', 83.93, 0.6114, NULL),
('MD-0221-SK-II', 'Putriamandaa26@gmail.com ', '1234', '0067828549', 1, 'PUTRI AMANDA', 'P', '2006-03-30', 'RIANG BANDUNG ', 'SMP NEGERI 01 BUAY PEMUKA BANG', 82.09, 0.585788, NULL),
('MD-0222-SK-II', 'saripatul24@gmail.com', '1234', '0066988787', 1, 'SARI PATUL ASRO', 'P', '2006-06-06', 'SRI KENCANA', 'MTS N 3 OKU TIMUR', 83.46, 0.450823, NULL),
('MD-0223-SK-II', 'selvianaevi2703@gmail.com', '1234', '0061408592', 1, 'SELVIANA', 'P', '2006-03-27', 'TRIDADI', 'MTS N3 OKU TIMUR', 80.93, 0.793366, NULL),
('MD-0224-SK-II', 'anaputrisilvi52@gmail.com', '1234', '0053933760', 1, 'SILVIANA SEPTI', 'P', '2005-08-31', 'AGUNG JATI', 'SMP NEGERI 3 MADANG SUKU 1', 83, 0.614437, NULL),
('MD-0225-SK-II', 'sitikhotimah1359@gmail.com', '1234', '0059960656', 1, 'SITI KOTIMAH', 'P', '2005-09-15', 'KOTANEGARA,DUSUN V', 'MTS N 03 OKU TIMUR', 84.73, 0.648812, NULL),
('MD-0226-SK-II', 'istiaa02@gmail.com', '1234', '0062652866', 1, 'SLAMET ISTIANAH', 'P', '2006-01-15', 'MARGOTANI 2', 'SMP N 1 MADANG SUKU II', 86.24, 0.531089, NULL),
('MD-0227-SK-II', 'aditiputribungsu@gmail.com', '1234', '0069008680', 1, 'TIKA SEPTIA', 'P', '2006-06-25', 'SUKANEGARA', 'SMP NEGERI 1 MADANG SUKU LL', 81.42, 0.691615, NULL),
('MD-0228-SK-II', 'hartiniumi057@gmail.com', '1234', '0058177445', 1, 'UMI HARTINI', 'P', '2005-08-17', 'RASUAN BARU', 'MADRASAH TSANAWIYAH NEGERI 3 O', 81.73, 0.488737, NULL),
('MD-0229-SK-II', 'Wandasaina17@gmail.com', '1234', '0063320143', 1, 'WANDA SAINA', 'P', '2006-01-26', 'SRIBUNGA', 'SMP N 1 BPBR', 81.73, 0.475725, NULL),
('MD-0230-SK-II', 'yuliawatii076@gmail.com', '1234', '0006484892', 1, 'YULIAWATI', 'P', '2006-07-07', 'RIANG BANDUNG ILIR', 'SMPN 1 MADANG SUKU LL', 79.02, 0.602852, NULL),
('MD-0231-SK-II', 'syukri2457@gmail.com', '1234', '0062767190', 1, 'YUNI SUKMA WATI', 'P', '2006-06-04', 'RIANG BANDUNG ILIR', 'SMP NEGERI 1 BUAY PEMUKA BANGS', 79.73, 0.705441, NULL);

-- --------------------------------------------------------

--
-- Struktur dari tabel `t_minat`
--

CREATE TABLE `t_minat` (
  `id` int(11) NOT NULL,
  `nis` varchar(11) CHARACTER SET latin1 COLLATE latin1_general_ci NOT NULL,
  `ips` tinyint(2) NOT NULL,
  `ipa` tinyint(2) NOT NULL
) ENGINE=InnoDB DEFAULT CHARSET=latin1;

--
-- Indexes for dumped tables
--

--
-- Indeks untuk tabel `admin`
--
ALTER TABLE `admin`
  ADD PRIMARY KEY (`Id_Admin`),
  ADD UNIQUE KEY `Username` (`Username`);

--
-- Indeks untuk tabel `jadwal`
--
ALTER TABLE `jadwal`
  ADD PRIMARY KEY (`id_tes`);

--
-- Indeks untuk tabel `jurusan`
--
ALTER TABLE `jurusan`
  ADD PRIMARY KEY (`Id_Jurusan`),
  ADD UNIQUE KEY `Nama_Jurusan` (`Nama_Jurusan`);

--
-- Indeks untuk tabel `kelamin`
--
ALTER TABLE `kelamin`
  ADD PRIMARY KEY (`id_jk`);

--
-- Indeks untuk tabel `kriteria`
--
ALTER TABLE `kriteria`
  ADD PRIMARY KEY (`Id_Kriteria`);

--
-- Indeks untuk tabel `kriteria2`
--
ALTER TABLE `kriteria2`
  ADD PRIMARY KEY (`Id_Kriteria`);

--
-- Indeks untuk tabel `nilai`
--
ALTER TABLE `nilai`
  ADD PRIMARY KEY (`Id_Nilai`),
  ADD UNIQUE KEY `No_Pendaftaran` (`No_Pendaftaran`) USING BTREE;

--
-- Indeks untuk tabel `normalisasi`
--
ALTER TABLE `normalisasi`
  ADD PRIMARY KEY (`Id_Normalisasi`),
  ADD KEY `No_Pendaftaran` (`No_Pendaftaran`);

--
-- Indeks untuk tabel `normalisasi_matriks`
--
ALTER TABLE `normalisasi_matriks`
  ADD PRIMARY KEY (`Id_Normalisasi`),
  ADD UNIQUE KEY `No_Pendaftaran` (`No_Pendaftaran`);

--
-- Indeks untuk tabel `pangkat_kriteria`
--
ALTER TABLE `pangkat_kriteria`
  ADD PRIMARY KEY (`id_pangkat`);

--
-- Indeks untuk tabel `peserta`
--
ALTER TABLE `peserta`
  ADD PRIMARY KEY (`No_Pendaftaran`),
  ADD UNIQUE KEY `NISN` (`NISN`),
  ADD KEY `Id_Jurusan` (`Id_Jurusan`);

--
-- Indeks untuk tabel `t_minat`
--
ALTER TABLE `t_minat`
  ADD PRIMARY KEY (`id`),
  ADD UNIQUE KEY `nis` (`nis`);

--
-- AUTO_INCREMENT untuk tabel yang dibuang
--

--
-- AUTO_INCREMENT untuk tabel `admin`
--
ALTER TABLE `admin`
  MODIFY `Id_Admin` int(11) NOT NULL AUTO_INCREMENT, AUTO_INCREMENT=3;

--
-- AUTO_INCREMENT untuk tabel `jadwal`
--
ALTER TABLE `jadwal`
  MODIFY `id_tes` int(11) NOT NULL AUTO_INCREMENT, AUTO_INCREMENT=5;

--
-- AUTO_INCREMENT untuk tabel `jurusan`
--
ALTER TABLE `jurusan`
  MODIFY `Id_Jurusan` int(11) NOT NULL AUTO_INCREMENT, AUTO_INCREMENT=3;

--
-- AUTO_INCREMENT untuk tabel `kelamin`
--
ALTER TABLE `kelamin`
  MODIFY `id_jk` int(11) NOT NULL AUTO_INCREMENT, AUTO_INCREMENT=3;

--
-- AUTO_INCREMENT untuk tabel `kriteria`
--
ALTER TABLE `kriteria`
  MODIFY `Id_Kriteria` int(11) NOT NULL AUTO_INCREMENT, AUTO_INCREMENT=7;

--
-- AUTO_INCREMENT untuk tabel `kriteria2`
--
ALTER TABLE `kriteria2`
  MODIFY `Id_Kriteria` int(11) NOT NULL AUTO_INCREMENT, AUTO_INCREMENT=7;

--
-- AUTO_INCREMENT untuk tabel `nilai`
--
ALTER TABLE `nilai`
  MODIFY `Id_Nilai` int(11) NOT NULL AUTO_INCREMENT, AUTO_INCREMENT=11725;

--
-- AUTO_INCREMENT untuk tabel `normalisasi`
--
ALTER TABLE `normalisasi`
  MODIFY `Id_Normalisasi` int(11) NOT NULL AUTO_INCREMENT, AUTO_INCREMENT=11728;

--
-- AUTO_INCREMENT untuk tabel `normalisasi_matriks`
--
ALTER TABLE `normalisasi_matriks`
  MODIFY `Id_Normalisasi` int(11) NOT NULL AUTO_INCREMENT, AUTO_INCREMENT=11655;

--
-- AUTO_INCREMENT untuk tabel `pangkat_kriteria`
--
ALTER TABLE `pangkat_kriteria`
  MODIFY `id_pangkat` int(11) NOT NULL AUTO_INCREMENT;

--
-- AUTO_INCREMENT untuk tabel `t_minat`
--
ALTER TABLE `t_minat`
  MODIFY `id` int(11) NOT NULL AUTO_INCREMENT;

--
-- Ketidakleluasaan untuk tabel pelimpahan (Dumped Tables)
--

--
-- Ketidakleluasaan untuk tabel `nilai`
--
ALTER TABLE `nilai`
  ADD CONSTRAINT `nilai_ibfk_1` FOREIGN KEY (`No_Pendaftaran`) REFERENCES `peserta` (`No_Pendaftaran`);

--
-- Ketidakleluasaan untuk tabel `normalisasi`
--
ALTER TABLE `normalisasi`
  ADD CONSTRAINT `normalisasi_ibfk_1` FOREIGN KEY (`No_Pendaftaran`) REFERENCES `peserta` (`No_Pendaftaran`);

--
-- Ketidakleluasaan untuk tabel `peserta`
--
ALTER TABLE `peserta`
  ADD CONSTRAINT `peserta_ibfk_1` FOREIGN KEY (`Id_Jurusan`) REFERENCES `jurusan` (`Id_Jurusan`);
COMMIT;

/*!40101 SET CHARACTER_SET_CLIENT=@OLD_CHARACTER_SET_CLIENT */;
/*!40101 SET CHARACTER_SET_RESULTS=@OLD_CHARACTER_SET_RESULTS */;
/*!40101 SET COLLATION_CONNECTION=@OLD_COLLATION_CONNECTION */;
